"Time Slice","0_mundsvælgkræft_mundkræft_mundsvælgskræft_mundhulekræft","1_usikkerhed_kræftvaccination_bekymret_bekymrende","2_screeningsalderen_age_gennemsnitsalderen_old","3_hovedhalskræft_livsmoderhalskræft_livmoderhalskræften_kræftforskningen","4_ungdommen_forskningsarbejde_forskningssamarbejde_forskerne","5_skuespillere_skuespiller_skuespillerinden_skuespilleren","6_livmoderhalskræftscreening_screeningsundersøgelse_screeningstest_screeningsundersøgelser","7_livmoderhalsen_livmoderhals_livmoderhalskraft_livsmoderhalskræft","8_cost_omkostning_omkostninger_kosten","9_livmoderhalskræftkoster_finanslovsforslaget_finanslovsforhandlingerne_finanslovsudspillet","10_bivirkningsindberetninger_bivirkningskomitéen_bivirkningskomité_hovedpine","11_livmoderhalskræftkoster_underlivskræft_hpvtest_livmoderhalskraeft","12_kræftvaccinen_kræftforsker_kræftforskere_kræftvacciner","13_pigernesresultatet_vaccinationsprocenten_vaccinationsprocent_antallet","14_bavarian_nordicbavarian_bavariannordic_bava","15_kræftdødsfald_kræftplanen_kræftplan_kræfthandlingsplan","16_kønsvorter_kønsvorte_livmoderhalskræftkoster_kønsvorter2","17_proof_hpvtest_bevis_evidence","18_kønsvorterne_kønsvorter_kønsvorte_kønsvorter2","19_højteknologifonden_kampagneekspert_pseudovidenskab_forskningschef"
"2001 05 03 - 2002 01 24","Topic not present.","Topic not present.","Topic not present.","Topic not present.","Topic not present.","Topic not present.","Topic not present.","Topic not present.","Topic not present.","Topic not present.","Topic not present.","Topic not present.","Topic not present.","Topic not present.","Topic not present.","Topic not present.","Topic not present.","Topic not present.","Topic not present.","Topic not present."
"2002 01 24 - 2002 10 17","kræftrisiko, kræftrisikoen, ryger, hpvvirus, risks, smitterisiko, hpv, risikoprofil, hpvinfektion, risikerer","livmoderhalskræftvaccinen, livmoderhalskræften, livmoderhalskræfter, livmoderhalskræftkan, livmoderhalskræft, livmorhalskræft, livmoderhalskræftog, overgår, livmoderhalskræftsenere, livmoderhalskræfti","ryger, rygere, skriger, risikerer, risikofaktorer, tobaksrygning, overskygger, farligere, ryge, kraftigere","livmoderhalskræftvaccinen, forstadier, vaccinationsforskningen, vaccinemodstand, vaccinemodstandere, vaccinationshistoriens, forlader, efterlader, livmoderhalskræfttilfældene, sundhedsdatastyrelsen","ryge, tryg, ryger, ungdom, tobaksrygning, rygning, ungdommen, enig, ryberg, tryghed","åreforkalkning, forlange, forske, overskue, grundige, forskes, skriger, berlingske, overskygger, blokere","biobanker, miskredit, forskningsleder, seruminstitut, forskningslitteraturen, omkostningsundersøgelse, registerstudie, kvalitetsdatabase, forskningsresultat, landspatientregisteret","livmoderhalskræftvaccinen, kræftvaccinen, vaccineprojektet, kræftvaccine, kræftvaccination, vaccine3, kræftvacciner, kræftvaccinationer, rejsevaccine, vaccinegruppe","omskårne, omskåret, kønsvorter, omskæring, omskæres, hpvtyper, kønsvorte, men, peniscancer, hudvorter","vaccineprojektet, børnevaccinationsprogrammet, børnevaccinationsprogrammerne, børnevaccinationsprogram, børnevaccinationsprogrammer, seruminstitut, vaccineprogram, vaccineprogrammet, vaccinationsprogrammet, drengevaccine","seruminstitut, seruminstituttet, virusinfektion, virussygdom, biobanker, recidiv, sundhedskampagner, medicinalfirma, forskningsleder, papillomvirus","ryger, rygere, kraftigere, kræftrisikoen, ryge, kræftrisiko, skriger, farligere, tobaksrygning, hyppigere","vaccineprojektet, livmoderhalskræftvaccinen, kræftvaccinen, kræftvaccine, vaccine3, kræftvacciner, kræftvaccination, vaccinationsforskningen, vaccinekandidater, vaccinegruppe","biobanker, adskiller, seruminstitut, omkostningsundersøgelse, samleje, adskille, landsindsamling, landsindsamlingen, forskningsresultat, analysering","livmoderhalskræftvaccinen, tiltaget, overgår, muliggør, livmoderhalskræften, tilrettelagt, fremgå, omgås, livmoderhalskræftog, broget","omskåret, omkostningsundersøgelse, omskæres, analysering, forskningsresultater, forskningsresultat, mindsker, samleje, omskære, skåret","omskåret, omskårne, omskæring, omskæres, omskære, kønsvorte, kønsvorter, skåret, peniscancer, penishovedet","risikofaktorer, overdiagnosticering, risikofaktor, risikofaktorerne, referencer, redaktør, risikoprofil, rygsmerter, prorektor, risikoprofilen","omskårne, omskæring, omskåret, omskæres, omskære, skåret, barbering, kønsvorter, kønsvorte, penis","livmoderhalskræftvaccinen, livmoderhalskræftscreening, livmoderhalskræftsundhed, kræftforskning, livmoderhalskræft, livmoderhalskræftpatienter, kræftforskningen, livmoderhalskræften, cancerregisteret, sundhedstjenesteforskning"
"2002 10 17 - 2003 07 10","juellund, chmp, presseklip, slippe, klump, kønslæberne, heunicke, klarlund, lægemiddelagentur, hpvvaccinationen","kræftformer, kræftform, kræftformen, kræftfremkaldende, fase, kræfttype, phase, tidspunkter, behandlingsmulighederne, kræfttyper","storbyfænomen, urban, forstadier, femårsoverlevelsen, forstadierne, underliv, halsafdelingen, midtjylland, femårsoverlevelse, lokalforeningen","tobaksrygning, forskningsgruppe, vaccinationsforskningen, lancet, vioxx, forskningsleder, sjusket, tobaks, forskningslitteraturen, vaccinegruppe","tobaksrygning, forskningsstudier, forskningslitteraturen, forskningsgruppe, forskningschef, registerstudie, vaccinationsforskningen, forskningsleder, forskerteam, rygning","overførbare, overføre, overføres, overførte, celleforandringer, overførsel, overført, celleforandringerne, kondylomer, kræftformer","tumorer, haven, forhandlinger, konstateret, hale, forkøbet, kronikere, reimar, indbyggere, november","forskningsstudier, registerstudie, forskningsundersøgelse, udsving, forskningscenter, forskningslitteraturen, mørketal, forskningschef, forskningsinstitutioner, forskningssamarbejde","tobaksrygning, forskningsstudier, registerstudie, forskningsundersøgelse, mørketal, forskningscenter, forskningslitteraturen, forskningsinstitutioner, forskerteam, forskningschef","kræftformer, kræftform, kræftformen, kræftfremkaldende, fase, kræfttype, behandlingsmulighederne, meddelelse, kræfttyper, betalt","kræftformer, kræftform, kræftformen, kræftfremkaldende, fase, kræfttype, behandlingsmulighederne, betalt, meddelelse, behandlingsformer","celleforandringer, overførte, overføre, celleforandringerne, overføres, celleforandring, overførsel, overført, konstateret, livmoderhalskræftpatienter","overføre, overføres, overførbare, overførte, celleforandringer, overført, celleforandringerne, kondylomer, overførsel, celleforandring","storbyfænomen, stor, halsafdelingen, forstadier, indbyggere, haven, konstateret, chokerer, november, hale","chmp, slippe, brinth, kræftvaccinen, kræftvaccine, heunicke, klump, kræftrisiko, lægemiddelagentur, kræftvaccination","slippe, vioxx, lægemiddelagentur, lægemiddelagenturs, sexlyst, juellund, slappe, slip, fingre, lancet","storbyfænomen, urban, underliv, forstadier, femårsoverlevelsen, midtjylland, forstadierne, femårsoverlevelse, halsafdelingen, midtjyllands","terapeutisk, berettiget, oplyses, medikamenter, udløses, terapeutiske, chmp, oplyser, kræftfri, risks","kræftform, kræftformen, kræftformer, chmp, behandlingsform, kræftrisiko, betalt, behandlingsformer, kræfttype, kræftvaccinationer","tobaksrygning, forskningsstudier, tobak, rygning, registerstudie, forskningslitteraturen, forskerteam, forskningsgruppe, forskningscenter, rygerne"
"2003 07 10 - 2004 04 01","2007, papillomavirus, papillomvirus, dohme, hpvvirus, papillovirus, hpv, 2006, papilloma, hpvinfektion","kræftvaccinen, kræftvacciner, kræftvaccinationer, kræftvaccination, kræftvaccine, børnevaccinationsprogrammet, børnevaccinationsprogrammer, børnevaccinationsprogram, børnevaccinationsprogrammerne, børnevaccinationer","kondylomer, scorer, sover, evaluerer, googler, sexvaner, screener, nerver, sektorer, dominerer","livmoderhalskræfttilfælde, livmoderhalskræft, livmoderhalskræfthvert, livmoderhalskræften, livmoderhalskræfttilfældene, livmoderhalskræftaf, livmoderhalskræftpatienter, livmoderhalskræftkræftens, livmoderhalskræfti, livmoderhalskraeft","ritzau, relativt, forskningsprojekt, forskningsprojekter, perspektiver, portræt, forskningsprojektet, journal, forskningsarbejde, squamous","stemningen, journalisterne, journalister, journalisten, trykken, finansminister, justitsminister, jensen, tjekker, journalist","forskningsprojekt, forskningsprojektet, forskningsprojekter, forskningsundersøgelse, eksperiment, eksperimenter, eksperimenterede, testmetode, testkit, eksperimentelt","carol, livmoderhalskraeft, lisbeth, bestyrelsesmedlem, centerdirektør, afdelingsleder, lovende, livstidsrisikoen, lokalforening, risikofaktor","århus, aarhus, york, hospitals, chicago, århusianske, mortality, sygehus, dødsårsagsregistrene, hospice","2007, 1997, 237, livmorhalsen, regel, regner, 207, finanslovsudspillet, 177, livmoderhalsen","forsøget, indtørret, prøver, afprøvningen, forsøg, justitsministeriet, afprøvninger, forsøgt, lodtrækningsforsøg, afprøvning","livmoderhalskraeft, livmoderhalskræftkoster, livsmoderhalskræft, livmoderhalskræfthvert, livmoderhals, befinder, livmoderhalskræften, livmoderhalskræft, livmoderhalsens, livmorhalskræft","kræftforskningen, kræftforskning, kræftforskere, kræftvaccinen, kræftforsker, kræftvaccine, kræftvaccination, vaccinationsforskningen, livmoderhalskræftvaccinen, kræftvacciner","århusianske, 4300, århus, 2500, 3500, 350, 250, 175, 275, 1930","holten3, vorter, forudsætter, vorterne, holten, imvanex, iben, perspektivet, vælter, lokalformanden","bekæmpelsen, kræftplanen, bekæmpelse, forebyggelseschef, kræftforebyggelse, kræftfri, 1960erne, kræftplan, kræften, kræftens","vaccinationsforskningen, vaccineprojektet, forskningsprojektet, forskningsprojekter, forskningsprojekt, eksperimenter, dyreforsøg, injektionsstedet, eksperiment, trials","nuancer, metaanalyse, infektionsepidemiologi, expression, naturhistorie, kommunikationsrådgiver, infektionsmedicinsk, inflammation, kiropraktor, infektionsepidemologi","kønsvorterne, børnevacciner, kønsvorter, børnevaccinationer, børnevaccine, børnevaccinationsprogrammet, børnevaccina, børnevaccination, børnevaccinationsprogram, børnevaccinations","centerdirektør, christiansborg, irrelevant, forskningssamarbejde, forskningscenter, statskundskab, danmark, forbruget, vaccinedebatten, lægemiddelindustrien"
"2004 04 01 - 2004 12 23","2007, hpvtyper, vaginal, vulvacancer, hpvinfektion, hpv, papillomavirus, 2004, kønssygdommen, hpvvirus","screeningsalderen, livmoderhalskræftscreening, livmoderhalskræftkoster, amts, livmoderhalskræftog, livmoderhalskræftaf, amt, livmoderhalskræftsundhed, mammutter, livmoderhalskræfti","livmoderhalskræftscreening, screeningsalderen, screeningsmetoder, screeningsmetode, screeningstest, mammografiscreening, screeningsprøve, tarmkræftscreening, screeningsprogram, screeningsprogrammer","kræftplanen, kræftplan, kræftlæger, kræftlægerne, livsmoderhalskræft, kræfthandlingsplan, kræftmedicin, børnekræft, lungekræft, kræftforskningen","holbæk, helsingør, haderslev, ritzau, herlev, haster, detektivarbejde, tilstedeværelse, information, udviser","bunden, fortrudt, forlketingets, ondt, fortjent, bonde, forbundet, indtast, ekstrabladet, endte","screeningsmetoder, screeningsprøve, screeningstest, livmoderhalskræftscreening, screeningsprogram, screeningsundersøgelse, screeningsundersøgelser, screeningsmetode, mammografiscreening, hjemmetest","livmoderhalsen, livmoderhalskræftog, livmoderhalskræft, livmoderhalskræftkan, livmoderhalsens, livmoderhalskræften, livmoderhals, livmoderhalskræftkræftens, livmoderhalskræftaf, livmoderhalskræftkoster","holten, bekæmpelsen, kvinden, kvindeløb, bertelsen, idéen, kvindens, incidensen, patientforening, kvindeliv","daily, vid, diane, milena, monopol, din, day, ida, columbia, tina","hvidovre, nykøbing, nørby, danish, dansk, danskernes, forsøgene, danskerne, hækkerup, ringkøbing","livmoderhalskræft, livmoderhalskræftsenere, livmoderhalskræften, livmoderhalskræftkoster, livmoderhalskræftsundhed, livmoderhalskræftkræftens, livmoderhalskræftog, livmoderhalskræftpatienter, livmoderhalsens, livmoderhalsen","kræftvaccinen, kræftvaccine, kræftvacciner, kræftvaccination, vaccinationsforskningen, rejsevaccine, vaccineprojektet, kræftvaccinationer, kræftforskere, mæslingevaccinen","færrest, nød, bød, færre, færreste, befolkning, mød, spædbørn, adhd, syd","vioxx, hvp, vh, hhv, presses, uoplyste, dkinteressekonflikter, warrants, dohme, omhu","kræftlægerne, kræftlæger, kræftdødsfald, endetarmens, endetarmskræft, lungekræft, kræftplan, kræfthandlingsplan, inderligt, lugt","outcome, glaxosmithkline, usikre, eus, nsls, ulande, udsving, skille, udskille, udsnit","dna, mrna, slimhinder, biomarkers, sterile, glaxosmithkline, diane, forværrer, slimhinderne, msd","genomet, endetarmskræft, telomerstruktur, enzymet, testikelkræft, endetarmsåbningen, kræftforebyggende, hjemmetesten, fortegningsret, endetarmsåbning","hpvtest, kvindesygdom, sexsygdom, hiv, hivvirus, sexsygdomme, seksualliv, kvindesygdomme, infectious, kvindeliv"
"2004 12 23 - 2005 09 15","hpvinfektion, hpv, hpvvirus, papillomavirus, papiloma, papillomvirus, papilloma, hpvtyper, papillovirus, peniscancer","livmoderhalskræftvaccinen, livmoderhalskræften, livmoderhalskræfthvert, livmoderhalskræft, livmoderhalskræftsundhed, livsmoderhalskræft, livmoderhalskræfttilfælde, livmoderhalskræftog, livmoderhalskræfti, livmoderhalskræftkræftens","tarmkræftscreening, screeningsmetode, forskningsresultat, screeningsmetoder, mammografiscreening, forskningsresultater, screeningstest, livmoderhalskræftscreening, screeningsprøve, brystkræftscreening","lungekræft, metastatisk, cancerimmunterapier, oncology, onkologisk, cancertyper, kræftforsker, lungekræftpatienter, urealistisk, kræftforskningen","relevante, realistisk, værdifuld, nogenlunde, aldersgrænsen, livstidsrisikoen, aldersgrænse, personlighed, tidskrævende, retrospektivt","nærværende, nærliggende, drukne, einstein, tættere, nære, eriksen, omkringliggende, sønnerne, omgivelserne","livmoderhalskræftscreening, screeningsprøve, screeningsmetode, screeningsprogram, screeningsprogrammet, screeningsundersøgelse, screeningstest, screeningsprogrammer, mammografiscreening, screeningsundersøgelser","livmoderhalskræftvaccinen, livmoderhalsen, livmoderhalsens, livmoderhals, livmoderhalskræften, livmoderhalskræft, livmoderhalskraft, livmoderen, livmoderhalskræfter, livmoderhalskræfthvert","cost, medicinpriser, tobakspriser, omkostning, omkostninger, bekostning, prisfald, dollar, dyrt, livmoderhalskræftkoster","livmoderhalskræftkoster, kræftbehandlinger, kræftbehandling, kræftbehandlingen, kræftpatient, kræftdødsfald, cancerimmunterapier, kræftkur, kræftpatienter, medicinpriser","hvp, hæstorp, celleforandringerne, celleforandringer, ventelisterne, haderslev, celleprøverne, hpvtest, hpvtyper, hvidovre","livmoderhalskræftscreening, livmoderhalskræftkoster, celleforandringer, celleforandringerne, celleprøver, hpvtest, livmoderhals, hvidovre, livmoderhalskræfthvert, livmoderhalskræft","livmoderhalskræftvaccinen, kræftvaccinen, vaccineprojektet, kræftvaccine, kræftvacciner, livmoderhalskræfter, kræftvaccination, vaccinationsforskningen, vaccinegruppe, livmoderhalskraeft","køernes, seernes, axelsen, køerne, odenseaner, odense, mikkelsen, nielsens, brøndby, senfølgerne","metastatisk, prostatacancer, ortostatisk, metastase, tyktarmskræft, lungekræftpatienter, orthostatic, metastaser, cost, bekostning","tobakspriser, omkostningseffektiv, omkostningseffektivt, omkostning, medicinpriser, omkostningsundersøgelse, omkostninger, bekostning, omsat, sundhedsøkonomi","vaccinebivirkninger, børnevaccinationsprogrammet, vaccineprojektet, pfizer, børnevaccinationsprogrammerne, meningitisvaccine, børnevaccinationsprogrammer, vaccineskadede, vaccineprogrammet, nytter","biomarkers, hpvtest, hpvinfektion, celleprøver, celleprøve, cellerespons, biobanker, hpvvirus, virushpv, hpvtyper","ebolavaccine, kønsvorterne, kønsvorter, kræftvaccine, kræftvacciner, kræftvaccinationer, vaccineproducenten, livmoderhalskræftvaccinen, vacciners, vaccinationstilslutningen","informationskampagne, seksualundervisningen, sundhedskampagner, oplysningskampagner, seksualpartnere, forebyggelsesindsatsen, seksualundervisning, forebyggelsen, skræmmekampagne, kondom"
"2005 09 15 - 2006 06 08","oralsex, mundhulekræft, mundkræft, hpvtyper, mundsvælgkræft, mundsvælgskræft, hpvvirus, kræftvirus, hpvinfektion, kræftvirussen","kræftvaccination, kræftvaccinationer, livmoderhalskræftvaccinen, kræftvaccine, kræftvaccinen, kræftvacciner, vaccinationstilbud, børnevaccinationer, børnevaccinationsprogrammer, børnevaccinationsprogram","folkeundersøgelser, dobbeltrollerne, dobbeltblindet, omstridte, omdiskuterede, mediedebat, meningsdannere, misinformation, omstridt, snakkede","livmoderhalskræftvaccinen, kræftplanen, vaccineprogram, vaccineprogrammet, vaccinationsprogrammet, livsmoderhalskræft, kræftplan, kræftvaccine, vaccinationsprogram, kræftvaccinen","beregninger, yngre, beregningerne, højne, forskningsundersøgelse, formodninger, young, research, forskerne, afvejning","forskningsleder, søgte, nobelprisen, ekstrabladet, forfattere, journalist, forskere, nobelkomiteen, studerer, lærere","celleprøver, celleprøve, livmoderhalskræftscreening, hvidovre, celleprøven, hjemmetest, celleprøverne, hjemmeprøve, screeningsprøve, hjemmeprøver","2040, livmoderhalskraft, livmoderhalskræften, livmoderhalskræftvaccinen, livmoderhalskræfttilfældene, livmoderhalskraeft, livmoderhalskræft, livmoderhalsen, livmoderhalskræfti, livmoderhalskræfter","saltvand, salt, gennemslagskraft, realiteten, celleforandringer, facts, misinformation, celleforandringerne, evidence, verdensrekord","livmorhalsen, livmoderhals, livmoder, livmoderhalsen, livmoderhalskræftkoster, livmoderhalskræfthvert, livmoderen, dmi, livmoderhalsens, døtre","hvidovre, detaljer, detaljerne, rødovre, hovedpiner, punkter, point, hoveder, regionshospitalet, bort","krüger, crüger, livmoderkræft, livmoderhalskræftpatienter, livmoderkræfttilfælde, livmorkræft, livmoderhalskræfttilfældene, livmoderhalskræfttilfælde, hpvtest, virushpv","livmoderhalskræftvaccinen, kræftvaccinen, kræftvaccine, kræftvacciner, kræftvaccination, mæslingevacciner, vaccineprojektet, mæslingevaccine, kræftvaccinationer, mæslingevaccinen","deltagerprocenten, børnevaccinationsprogrammet, pigernesresultatet, børnevaccinationsprogrammer, børnevaccinationsprogram, børnevaccinationsprogrammerne, vaccinationsprocenten, vaccinationsprocent, 1200, datteren","emea, ebolavaccine, vaccinationsordningen, imvanex, vaccinationstilslutning, hpv18, vaccineordningen, hpv16, immunstimulerende, vaccineordning","bremse, træffes, mercks, mørketal, fremmer, indtjening, begrænse, fremme, mfr2, fremmarch","børnelæger, pigebørn, børneafdelingen, børnelæge, drengebørn, børnebørn, børnelægen, børnenes, døtrene, drengevenner","hpvtest, selvtest, vaccinationsattest, næringsstoffer, betryggende, screeningsprøve, arbejdsmiljø, hjemmeprøve, screeningstest, helbredsmæssige","kønsvorter, kønsvorterne, kønsvorte, vorterne, kønsvorter2, vorte, vorter, vortevirus, vort, fodvorter","sundhedsdebatten, sundhedstjenesteforskning, forskningsundersøgelse, mediedebatten, kæmpestudie, haderslev, lægemiddelindustriforeningen, danmarksmester, seniorforsker, forskergrupper"
"2006 06 08 - 2007 03 01","hpvinfektion, mundkræft, hpvvirus, halscancer, kræftvirus, mundsvælgkræft, mundsvælgskræft, kræftrisikoen, dødsårsag, kræftrisiko","kræftvaccination, børnevaccinationer, børnevaccination, vaccinationsgraden, børnevaccinationsprogram, børnevaccine, vaccinationsprocent, kræftvaccinationer, børnevaccinationsprogrammet, børnevaccinations","screeningsalderen, gennemsnitsalderen, age, gennemsnitsalder, aged, aldersgrænsen, aldersgrænse, 2500, old, years","livmoderhalskræftvaccinen, kræftforskningen, livsmoderhalskræft, livmoderhalskræften, livmoderhalskræfthvert, kræftforskning, livmoderhalskræfti, cancerimmunterapier, livmoderhalskræft, livmoderhalskræfttilfælde","personerne, bureau, ungdommen, spørgeskemaundersøgelse, myte, nyhedsbureauet, forskningsundersøgelse, myten, opgave, befolkningsundersøgelse","ældreminister, descartes, psykologer, gardasils, klager, nordjylland, nygaard, sønderjyske, nordjyske, nykøbing","livmoderhalskræftscreening, screeningsundersøgelse, screeningsprogram, screeningsafdeling, screeningsprogrammet, screeningsundersøgelser, screeningsmetoder, screeningstilbuddet, screeningsmetode, screeningprogrammet","livmoderhalsen, livmoderhals, livmoderhalskræften, livmoderhalsens, livmorhalsen, livmoderhalskræft, livmoderhalskræftkræftens, livmoderhalskræftog, livmoderhalskræfttilfældene, livmorhalskræft","livmoderhalskræftkoster, cost, omkostninger, kosten, omkostning, medicinpriser, tobakspriser, dyrt, omkostningerne, udgifter","livmoderhalskræftkoster, cost, omkostning, medicinpriser, omkostninger, kosten, bekostning, budget, udgifter, tobakspriser","justitsministeriet, nyhedsbrevet, sundhedsministeriet, sundhedsministeren, sundhedsudvalget, svimmelheds, ministeriet, ældreministeriet, sundhedsstyrelsen, sygehusvæsenet","livmoderhalskræftkoster, livmoderhalskraeft, livmoderhalskræftkan, livmoderhalskræftpatienter, penishovedet, prisproblem, livmorhalskræft, hpv18, peniskræft, livmoderhalskræfthvert","kræftvaccinen, kræftvaccine, kræftvacciner, kræftvaccination, livmoderhalskræftvaccinen, kræftvaccinationer, rejsevaccine, vaccinationsforskningen, mæslingevaccine, mæslingevacciner","halv, halvdel, halvdelen, arv, højrisikoland, dødstal, halve, halvering, halvere, 1i","gavn, gavne, givne, advac, brevene, imvanex, bava, leveringen, kombinationen, medjanssen","kræftplan, kræfti, kræftplanen, cancerregisteret, cancerregistret, kræftramte, kr, omkostningsundersøgelse, kræftundersøgelse, krüger","undervurderer, kønsvorter, sundhedsordførere, sammenligner, interessekonflikter, versus, sundhedspolitikere, homoseksuel, kegleformet, kønsvorterne","proof, sov, røg, prevent, prev, cv, stiv, pcb, prevention, tobaksrygning","kønsvorter, kønsvorterne, kønsvorte, ungdommen, kønsvorter2, teenager, kønsorganer, kønsorganerne, ungdom, kondomer","centerdirektør, forebyggelseschef, kampagneekspert, pressemøde, hpvdebattendebatten, finansdirektør, forskningschef, pasteurs, pressechef, projektchef"
"2007 03 01 - 2007 11 22","oralsex, mundsvælgkræft, mundsvælgskræft, mundkræft, halskræft, hovedhalskræft, oral, halscancer, halskræfthos, mundhulekræft","kræftvaccination, kræftvaccinationer, kræftvaccinen, børnevaccinationsprogram, børnevaccination, børnevaccinationsprogrammet, kræftvaccine, børnevaccine, børnevaccina, børnevaccinations","age, aged, screeningsalderen, gennemsnitsalderen, gennemsnitsalder, dødsårsagsregistrene, dødstallet, aldersgrænsen, livstidsrisikoen, årsalderen","livmoderhalskræftvaccinen, hovedhalskræft, livmoderhalskræften, kræftvaccine, kræftvaccination, livmoderhalskræftkræftens, kræftvaccinationer, livmoderhalskræfttilfælde, livsmoderhalskræft, kræftvaccinen","ungdommen, pletblødninger, forhåbninger, forskerne, personlighed, døtre, uligheden, skævt, revolutionerede, programmerne","skuespillere, ældreminister, skuespiller, psykologer, finansminister, psykolog, arbejder, justitsminister, banker, forfattere","livmoderhalskræftscreening, screeningstest, screeningsmetoder, screeningsprøve, screeningsmetode, screeningsafdeling, screeningsprogram, screeningsprogrammet, screeningprogrammet, screeningsundersøgelse","livmoderhalsen, livmoderhals, livmorhalskræft, livsmoderhalskræft, livmoderhalsens, livmoderhalskræftog, livmorhalsen, livmoderhalskræften, livmoderhalskræft, livmoderhalskraft","cost, livmoderhalskræftkoster, kosten, omkostning, paywall, omkostninger, udgifter, dollars, omkostningerne, bekostning","livmoderhalskræftkoster, cost, omkostninger, engangsbeløb, omkostning, finanslovsforslaget, kosten, omkostningerne, bekostning, budget","justitsministeriet, finansministeriet, bivirkningsindberetninger, sundhedsministeriet, sundhedsministeren, sundhedsminister, fødevarestyrelsen, sundhedsstyrelsen, følgevirkninger, justitsminister","livmoderhalskræftkoster, hpvtest, underlivskræft, vulvacancer, livmoderhalskræftscreening, hpvinfektion, livmoderhalskræfthvert, hpvvirus, livmoderhalskræftpatienter, livmoderhalskræft","kræftvaccinen, kræftvacciner, kræftvaccine, kræftvaccination, kræftforsker, kræftforskere, kræftvaccinationer, kræftforskeres, livmoderhalskræftvaccinen, kræftforskningen","beviset, pigernesresultatet, bevist, 1982, beviser, 1200, bevis, hyppigst, hyppigste, bestået","nordicbavarian, bvnry, bavarian, imvanex, bavariannordic, ofnasdaq, bn, influenzavaccinen, coronavaccinen, nordcan","kræftplan, kræftplanen, kræfthandlingsplan, kræftbehandling, cancerregistret, kræftdødsfald, cancerregisteret, kræftbehandlingen, kræftscreening, kræftområdet","kønsvorter, kønsvorterne, kønsvorte, kønsvorter2, livmoderhalskræftkoster, måske, spekulerede, modstridende, sandsynlig, anogenital","hpvtest, hpvhpv, hpvvirus, proof, virushpv, bevis, evidence, evidens, hivvirus, herpesvirus","kønsvorterne, kønsvorter, kønsvorte, kønsvorter2, vorterne, vorter, kønsorganerne, kønsorganer, kønsdele, vorte","hpvdebattendebatten, højteknologifonden, hpvvaccine, forebyggelseschef, centerdirektør, hpvvaccination, politiken, samfundsøkonomien, statsministeren, hvp"
"2007 11 22 - 2008 08 15","mundkræft, mundsvælgkræft, mundsvælgskræft, halskræft, mundhulekræft, kræftvirussen, kræftvirus, hovedhalskræft, halskræfthos, halscancer","vaccinationsskeptiske, skræk, usikkerhed, bekymret, kræftvaccination, forskrækket, skræmmer, kræftvaccinen, bekymringen, vaccineskeptikere","screeningsalderen, age, gennemsnitsalderen, aldersgrænsen, gennemsnitsalder, aldersgrænse, aged, årsalderen, old, years","livmoderhalskræftvaccinen, kræftsagen, kræftplanen, kræftvaccine, halskræfttilfælde, kræftforskningen, livmoderhalskræften, livmoderhalskræfttilfælde, kræftvaccination, kræftplan","søstre, ringere, rigeste, ugers, nærhed, yngste, seniorforsker, forskergrupper, myterne, forsker","skuespillere, albertslundere, tidspunktet, ældreminister, gordon, olsen, oscars, lærere, øjenlæge, psykologer","livmoderhalskræftscreening, screeningstest, screeningsprøve, screeningsmetode, screeningsundersøgelse, screeningsmetoder, screeningsundersøgelser, screeningsafdeling, screening, mammografiscreening","livmoderhalsen, livmoderhals, livmoderhalsens, livmoderhalskraft, livmoderhalskræfter, livsmoderhalskræft, livmoderhalskræften, livmoderhalskræft, livmoderhalskræftsenere, livmoder","cost, omkostning, kosten, bekostning, livmoderhalskræftkoster, omkostninger, udgifter, million, paywall, værdien","livmoderhalskræftkoster, finanslovsforslaget, udgifter, finanslovsforhandlingerne, finanslovsudspillet, udgifterne, omkostning, kosten, finansminister, finansiering","patientstøtte, sundhedsministeriet, sundhedsminister, sundhedsministeren, sundhedsstyrelsen, patientsikkerhed, patientsikkerheden, ventelisterne, sundhedsdatastyrelsen, sundhedsstyrelse","livmoderhalskræftkoster, hpvtest, hpv18, villemoes, hpv30, hpvtyper, hpvvirus, hpvinfektion, papillomavirus, livmoderhalskraeft","kræftvaccinen, kræftvaccine, kræftvacciner, kræftvaccination, kræftvaccinationer, kræftforskere, kræftforsker, kræftknuder, kræftcelle, kræftceller","1982, 1200, pigernesresultatet, 1997, 2002, 1967, 2012, 1300, 2000, 2100","tobakspriser, ofnasdaq, nordicbavarian, nasdaq, fondsbørsen, 43selskabsmeddelelse, tegningsoptioner, bavarian, potentialet, prognose","kræftplan, kræftplanen, kræfthandlingsplan, kræftdødsfald, kræfti, kræftområdet, kræften, kræftundersøgelse, kræft, kræftproblemerne","kønsvorter, kønsvorter2, kønsvorte, kønsvorterne, miskredit, hudvorter, omstridte, modstridende, kontroversielt, miskreditere","hpvtest, hpvhpv, virushpv, hpvvirus, proof, hpv, attest, faktahpv, hivvirus, skepsis","kønsvorter, kønsvorterne, kønsvorte, kønsvorter2, vorter, hudvorter, behandlingsresultater, værter, vorterne, vorte","hpvdebattendebatten, højteknologifonden, finansdirektør, forskningschef, hp, hpvvirus, kommunikationsrådgiver, hpvvaccine, forebyggelseschef, projektchef"
"2008 08 15 - 2009 05 08","mundkræft, kræftvirus, mundsvælgskræft, mundsvælgkræft, halskræft, kræftvirussen, halscancer, mundhulekræft, hovedhalskræft, halskræfthos","kræftvaccination, kræftvaccinationer, skræmmekampagne, kræftsyg, kræftsyge, kræftrådgivningen, forskrækket, kræftvaccine, kræftramte, udsætte","screeningsalderen, gennemsnitsalderen, age, years, aldersgrænsen, årsalderen, dollars, dollar, aldersgrænse, gennemsnitsalder","livmoderhalskræftvaccinen, kræftvaccinationer, cancerimmunterapier, kræftvaccination, kræftvaccine, kræftvacciner, kræftvaccinen, livmoderhalskræften, livsmoderhalskræft, kræftforskningen","forskerne, ungdommen, replikerende, udbredte, talentfulde, revolutionerede, forskergruppe, personerne, kræftforskere, forskningsprojekter","skuespillere, forfattere, ældreminister, skuespiller, forfatterne, diætist, lykkeligste, gunslinger, forfatternes, direktøren","screeningsafdeling, livmoderhalskræftscreening, screeningstest, screeningsundersøgelse, screeningsundersøgelser, mammografiscreening, screeningsprøve, screening, screenings, screeningsmetode","livmoderhalsen, livmoderhals, livmoderhalsens, livmoderhalskraft, livmoder, livmoderen, livmoderhalskræftog, livmorhalsen, livsmoderhalskræft, livmoderhalskræfter","cost, livmoderhalskræftkoster, paywall, kosten, omkostninger, omkostning, udgifter, tobakspriser, medicinpriser, dollars","livmoderhalskræftkoster, cost, finanslovsforslaget, omkostning, kosten, omkostninger, udgifter, livmoderhals, bekostning, budget","justitsministeriet, landspatientregistret, landspatientregisteret, patienterstatningen, sygehusvæsenet, sygehusbehandling, patienterne, bivirkningsramte, skadestuen, bivirkningsindberetninger","hpvtest, hpv30, hpv16, hpv18, livmoderhalskræftkoster, kirtler, papillomer, hpvtyper, hpvvirus, teenagepiger","kræftvaccinen, kræftforsker, kræftforskere, kræftvaccine, kræftforskningen, kræftvacciner, kræftforskning, kræftforskeres, kræftvaccination, kræftvirussen","pigernesresultatet, 1982, 1972, succeshistorie, resulterede, årevis, 1992, 1974, 2012, 1977","bavarian, bavariannordic, ofnasdaq, bava, nordicbavarian, tobakspriser, betina, imvanex, oveni, forventningen","kræftplanen, kræftplan, kræfthandlingsplan, kræftdødsfald, cancerregistret, cancerregisteret, kræftbehandling, kræftbehandlingen, kræftforløb, kræftforløbet","undervurderer, uenigheder, versus, underrapportering, forværre, imidlertid, diskuterer, kønsvorter, lignende, forvirring","prevention, prevent, proof, hpvhpv, ph, hpvtest, hhv, evidence, https, hp","kønsvorterne, kønsvorter, kønsvorte, vorte, vorter, kemobehandling, vorterne, kønsvorter2, fodvorter, forskningsresultater","højteknologifonden, hpvdebattendebatten, hpvvaccine, centerdirektør, hvp, hpvvacciner, hpvvaccination, hpvvirus, hp, hpvtest"
"2009 05 08 - 2010 01 29","mundkræft, mundsvælgkræft, mundsvælgskræft, mundhulekræft, halskræft, mundsvælg, tobakssygdom, hovedhalskræft, mundsvælget, kræfttyper","kræften, kræftens, kræftsyg, aldersgrænse, aldersgrænsen, usikkerhed, bekymret, kræftsyge, betænkeligheder, bekymrende","age, gennemsnitsalderen, gennemsnitsalder, aged, screeningsalderen, old, aldersgrænsen, dollars, dollar, aldersgrænse","livmoderhalskræftvaccinen, livmoderhalskræften, livsmoderhalskræft, kræftforskningen, kræftvaccinationer, kræftvaccine, kræftvacciner, kræftvaccination, livmorhalskræft, livmoderhalskræft","uligheden, replikerende, offentligheden, udbredte, fyldte, pillerne, ungdommen, follmann, forskerne, personlighed","forfattere, skuespillere, forfatterne, diætist, ældreminister, insisterede, pensionsalderen, skuespiller, underholdning, frisører","screeningsafdeling, screeningsmetoder, screeningsmetode, livmoderhalskræftscreening, screeningsundersøgelser, screeningsundersøgelse, mammografiscreening, screeningsprogram, screeningsprogrammer, screenings","livmoderhalsen, livmoderhals, livmoderhalsens, livmoderhalskraft, livmoder, livsmoderhalskræft, livmoderen, livmorhalsen, livmoderhalskræftog, livmoderhalskræften","cost, livmoderhalskræftkoster, omkostning, kosten, omkostninger, bekostning, omkostningerne, udgifter, omkostningsundersøgelse, udgiften","livmoderhalskræftkoster, cost, bekostning, omkostning, finanslovsforslaget, omkostninger, udgifter, medicinpriser, engangsbeløb, finanslovsforhandlingerne","justitsministeriet, bivirkningsramte, sundhedsministeriet, bivirkningsramt, folketinget, bivirkningsindberetninger, justitsminister, ministeriet, patientforening, patologiafdelingen","livmoderhalskræftkoster, underlivskræft, hpv16, livmoderhalskræfthvert, kapitalforhøjelse, kapitalforhøjelsen, hpvtyper, hpvinfektion, peniskræft, penishovedet","kræftvaccinen, kræftforsker, kræftforskere, kræftvaccine, kræftvacciner, kræftforskningen, kræftforskning, kræftforskeres, kræftvaccination, kræftvirus","2002, 1200, næsthyppigste, vaccinationsprocenten, succeshistorie, sov, 2200, historisk, 1902, 1967","nordicbavarian, bavarian, tobakspriser, nordcan, ofnasdaq, skandinavien, norsk, svensk, nasdaq, norden","kræftdødsfald, kræftplan, kræftplanen, kræfthandlingsplan, kræfttilfældene, kræftbehandling, kræfttilfælde, kræfti, kræftbehandlingen, cancerregisteret","kønsvorter, drengebørn, kønsvorter2, kønsvorte, kønsvorterne, undervurderer, versus, lignende, anslår, uenigheder","hpvhpv, bevis, proof, beviser, herpesvirus, bevises, evidence, hpvtest, kalorier, beviset","kønsvorter, kønsvorterne, kønsvorte, behandlingsresultater, kønsvorter2, vorter, drengebørn, vorte, forskningsresultater, kønsorganerne","informationskampagne, forebyggelseschef, hpvvaccine, hpvvaccination, vaccinationsprogrammerne, oplysningskampagner, hpvdebattendebatten, hovedbestyrelsen, screeningsprogrammerne, oplysningskampagne"
"2010 01 29 - 2010 10 22","mundkræft, mundsvælgkræft, mundsvælgskræft, halskræft, hovedhalskræft, halskræfthos, mundhulekræft, halscancer, kræfttyper, halskræfttilfælde","utilsigtet, usikkerhed, uansvarligt, bekymret, undgår, undgås, forsigtig, ubeskyttet, kræftrisiko, kræftvaccination","gennemsnitsalderen, gennemsnitsalder, screeningsalderen, age, aged, 25, aldersgrænsen, dødstallet, 2500, old","hovedhalskræft, livmorhalskræft, livmoderhalskræftvaccinen, kræftforskningen, livsmoderhalskræft, livmoderhalskræften, kræftplanen, kræftvaccine, kræftforskning, livmoderhalskræftpatienter","ungdommen, forskergruppe, forskergrupper, opgaven, ressourcerne, ugerne, pillerne, forskergruppen, forskningsgruppe, håbe","drengene, skuespillere, ældreminister, journalisterne, diætist, finansminister, danmarksmester, forfattere, lykkeligste, butikkerne","livmoderhalskræftscreening, screeningsafdeling, screeningsundersøgelse, screeningsundersøgelser, screening, screeningstest, mammografiscreening, screenings, screeningsmetode, screeningsmetoder","livmoderhals, livmoderhalsen, livmoderhalsens, livmoderhalskræftog, livmorhalsen, livsmoderhalskræft, livmoderhalskraft, livmoderhalskræfttilfælde, livmoderhalskræfttilfældene, livmorhalskræft","cost, livmoderhalskræftkoster, kosten, omkostning, omkostninger, kostede, medicinpriser, udgiften, bekostning, udgifter","livmoderhalskræftkoster, medicinpriser, cost, finanslovsforhandlingerne, budget, omkostninger, omkostning, milliardaftale, bekostning, udgifter","sygehusbehandling, patienterstatningen, patientstøtte, patientforening, bivirkningsindberetninger, patientsikkerheden, patientansvarlig, patientsikkerhed, sundhedsudvalget, landspatientregistret","livmoderhalskræftkoster, livmoderhalskræftpatienter, livmoderhalskraeft, livmoderhalskræfthvert, livmoderhalskræft, underlivskræft, livmoderhalskræfttilfælde, livmoderhalskræften, livmoderhalskræfttilfældene, livmoderkræft","kræftvaccinen, kræftvacciner, kræftvaccine, kræftforsker, kræften, kræftforskere, kræftforskningen, kræftforskning, kræftvaccination, kræftens","pigernesresultatet, vaccinationsprocenten, vaccinationsprocent, vaccinationsraten, deltagerprocenten, toplinjeresultater, succeshistorie, resulterede, procent, 1993","bava, nordicbavarian, bavarian, nivolumab, bavariannordic, vaccinefabrikanter, ofnasdaq, vaccineproducenten, vaccinationsdeltagelsen, vaccineplatform","kræfthandlingsplan, kræftplanen, kræftplan, kræftdødsfald, kræftproblemerne, kræftbehandling, kræftbehandlingen, cancerregistret, cancerregisteret, kræft","kønsvorter, versus, undervurderer, livmoderhalskræftkoster, kønsvorte, kønsvorter2, forværre, evalueres, diskuterer, diskutere","https, hpvhpv, hpvtest, herpesvirus, secretary, proof, hpvvirus, hpv, hp, virushpv","kønsvorter, kønsvorterne, kønsvorte, kønsvorter2, vorterne, vorter, ungdommen, puberteten, kønsorganer, kønsorganerne","højteknologifonden, forebyggelseschef, samfundsøkonomien, hpvdebattendebatten, samfundsøkonomi, vaccinedebatten, pseudovidenskab, forskningschef, vaccinationsforskningen, forskningsinstitutioner"
"2010 10 22 - 2011 07 15","mundkræft, mundsvælgkræft, mundsvælgskræft, mundhulekræft, halskræft, hovedhalskræft, halskræfthos, kræftvirus, halscancer, kræftvirussen","kræftvaccination, kræftvaccinationer, kræftsyg, kræftrisiko, kræftvaccine, usikkerhed, utrygge, skræmme, kræftrisikoen, kræftsyge","screeningsalderen, age, aged, gennemsnitsalderen, årsalderen, gennemsnitsalder, years, dollars, dollar, old","hovedhalskræft, kræftforskningen, kræftforskning, livmorhalskræft, livsmoderhalskræft, kræftvaccine, kræftforskere, livmoderhalskræftvaccinen, kræftvaccinationer, kræftforsker","haften, forskningsarbejde, ungdommen, forskningssamarbejde, forskningsprojekter, hypotese, hypotesen, myten, opgaven, opgave","skuespillere, forfattere, skuespiller, ældreminister, lærere, lykkeligste, forfatterne, lærer, skuespillerinden, psykologer","livmoderhalskræftscreening, screeningsundersøgelse, screeningstest, screeningsundersøgelser, screeningsafdeling, screeningsmetoder, screeningsmetode, screeningsprogram, screeningstilbuddet, screening","livmoderhals, livmoderhalsen, livmoder, livmoderhalskraft, livsmoderhalskræft, livmoderhalsens, livmoderhalskræftog, livmorhalskræft, livmoderhalskræften, livmoderen","cost, kosten, livmoderhalskræftkoster, omkostninger, omkostning, bekostning, medicinpriser, udgiften, omkostningerne, udgifter","livmoderhalskræftkoster, finanslovsforslaget, finanslovsforhandlingerne, cost, finanslovsudspillet, omkostninger, bekostning, omkostning, udgifter, budget","bivirkningsindberetninger, hovedpine, bivirkningsramte, bivirkningskomitéen, landspatientregistret, symptomerne, bivirkningskomité, landspatientregisteret, bivirkningerne, synkebesvær","livmoderhalskræftkoster, hpvtest, livmoderhalskraeft, underlivskræft, hpv30, penishovedet, livmoderhalskræfthvert, vulvacancer, hpvinfektion, peniskræft","kræftvaccinen, kræftforsker, kræftforskere, kræftvaccine, kræftvacciner, kræftforskningen, kræftforskning, kræftvirus, kræftforskeres, kræftvirussen","pigernesresultatet, vaccinationsprocenten, vaccinationsprocent, deltagerprocenten, halveret, vaccinationsraten, indbyggere, syv, 1200, procent","bavarian, bavariannordic, nordicbavarian, bava, bvnry, nivolumab, imvanex, tavs, mva, nasdaq","kræftplanen, kræftplan, kræfthandlingsplan, kræftdødsfald, kræftbehandling, kræftrisiko, kræftproblemerne, kræftrisikoen, kræftbehandlingen, kræftscreening","livmoderhalskræftkoster, kønsvorter, anslår, undervurderer, konkludere, kønsvorter2, kønsvorte, sønnerne, konkluderet, kønsvorterne","proof, hpvtest, hpvhpv, evidence, bevis, phd, hp, skepsis, beviset, https","kønsvorter, kønsvorterne, kønsvorte, kønsvorter2, behandlingsresultater, vorter, vorte, pigernesresultatet, vælter, fodvorter","hpvdebattendebatten, informationskampagne, sundhedsdebatten, forebyggelseschef, centerdirektør, oplysningskampagner, højteknologifonden, kampagneekspert, forskningschef, sundhedspolitikere"
"2011 07 15 - 2012 04 06","mundkræft, mundsvælgskræft, mundsvælgkræft, hovedhalskræft, mundhulekræft, halskræft, kræftvirus, kræftvirussen, halskræfthos, halskræfttilfælde","kræftvaccination, kræftrisiko, kræftrådgivningen, kræftrisikoen, kræftsyg, forsigtighed, livmoderhalskræftsundhed, kræftvaccinationer, kræftsyge, afkræfte","screeningsalderen, gennemsnitsalderen, gennemsnitsalder, age, livstidsrisikoen, årsalderen, livmoderhalskræftkoster, dollars, aged, dollar","kræftplanen, kræftforskningen, kræftvaccine, cancerimmunterapier, hovedhalskræft, kræftplan, kræftvaccinationer, livsmoderhalskræft, kræftforskning, kræftvacciner","ungdommen, ugerne, forskerne, pillerne, unge, højne, beboerne, personerne, ambitionerne, fyldte","underholdning, ældreminister, forfattere, skuespillere, diskuterer, nobelprisen, bestemmer, debattører, justitsminister, skuespiller","livmoderhalskræftscreening, screeningsmetode, screeningstest, screeningsmetoder, screeningsafdeling, screeningsundersøgelse, screeningsprøve, screeningsundersøgelser, mammografiscreening, screeningsprogram","livmoderhals, livmoderhalsen, livmoder, livmoderhalsens, livsmoderhalskræft, livmoderhalskraft, livmoderhalskræfter, livmoderen, livmorhalsen, livmorhalskræft","cost, kosten, omkostning, livmoderhalskræftkoster, omkostninger, medicinpriser, bekostning, omkostningerne, paywall, prisfald","livmoderhalskræftkoster, finanslovsforslaget, finanslovsforhandlingerne, finanslovsudspillet, finansminister, budget, omkostninger, cost, bekostning, omkostning","bivirkningsindberetninger, bivirkningsramte, sundhedsdatastyrelsen, sygehusbehandling, nyhedsbureauet, symptomerne, sundhedsministeriet, bivirkningsramt, sygdomssymptomer, sundhedsstyrelsen","livmoderhalskræftkoster, hpvtest, underlivskræft, livmoderhalskræfthvert, livmoderkræfttilfælde, livmoderhalskraeft, penishovedet, underlivsundersøgelse, livmoderkræft, analkræft","kræftvaccinen, kræftvaccine, kræftvacciner, kræftforsker, kræftforskere, kræftforskningen, vaccinationsforskningen, kræftvirussen, kræften, kræftcellerne","vaccinationsprocenten, pigernesresultatet, vaccinationsprocent, befolkning, bestående, tolv, deltagerprocenten, besvare, besvarer, bestille","imvanex, bavariannordic, nordicbavarian, bavarian, adaptvac, ofnasdaq, nivolumab, nabolande, biotekselskab, influenzavaccinen","kræftdødsfald, kræftplanen, kræfthandlingsplan, kræftplan, kræftbehandling, cancerregistret, kræftbehandlingen, cancerregisteret, kræftdiagnose, kræftramte","kønsvorter, kønsvorte, kønsvorterne, undervurderer, kønsvorter2, versus, konkludere, sønner, drengebørn, hudvorter","hpvtest, proof, evidence, evidens, bevis, beviser, beviset, hpvhpv, secretary, stophpv","kønsvorterne, kønsvorter, kønsvorte, vorter, vorte, vorterne, hudvorter, puberteten, kønsvorter2, behandlingsresultater","højteknologifonden, forskningschef, forebyggelseschef, hpvdebattendebatten, centerdirektør, pseudovidenskab, seniorforsker, projektchef, hpvvaccine, forskningsleder"
"2012 04 06 - 2012 12 28","halskræft, mundkræft, mundsvælgkræft, kræftvirus, halskræfthos, mundsvælgskræft, hovedhalskræft, kræftvirussen, halscancer, mundhulekræft","bekymret, forsigtighed, bekymrende, bekymrede, forsigtig, forsigtigt, usikkerhed, forsigtige, forskrækket, tvivlende","screeningsalderen, age, aged, gennemsnitsalderen, years, gennemsnitsalder, old, aldersgrænsen, årsalderen, 2500","hovedhalskræft, kræftforskningen, livmoderhalskræften, kræftplanen, livsmoderhalskræft, halskræft, kræftvaccine, kræftvaccinationer, halscancer, børnekræft","unge, ungdommen, håbe, spotte, stolte, bolette, højne, pillerne, rokke, eukaryote","skuespillere, forfattere, forfatterne, skuespiller, nobelprisen, skuespillerinden, journalisterne, forfatternes, bjarne, ældreminister","screeningstest, livmoderhalskræftscreening, screening, screeningsundersøgelse, screenings, screeningsundersøgelser, screeningsafdeling, screeningsmetoder, mammografiscreening, screeningsprogram","livmoderhals, livmoderhalsen, livsmoderhalskræft, livmoder, livmorhalskræft, livmoderhalsens, livmoderhalskraft, livmoderen, livmoderhalskræften, livmoderhalskræft","cost, udgiften, livmoderhalskræftkoster, omkostning, udgifter, omkostninger, milliarder, medicinpriser, tobakspriser, omkostningerne","livmoderhalskræftkoster, cost, bekostning, omkostninger, omkostning, kosten, finanslovsforslaget, beløb, budget, finanslovsforhandlingerne","bivirkningsindberetninger, landspatientregistret, hovedpine, landspatientregisteret, smertesymptomer, smertesyndromer, smertesyndrom, træthedsyndrom, bivirkningsramte, træthedssyndromet","livmoderhalskræftkoster, underlivskræft, hpvtest, livmoderkræfttilfælde, livmoderhalskræfttilfælde, livmoderhalskræfthvert, livmoderhalskraeft, peniskræft, krüger, livmoderhalskræftog","kræftforsker, kræftforskere, kræftvaccinen, vaccinationsforskningen, kræftforskeres, forskerkolleger, kræftforskningen, kræftvacciner, kræftvaccine, kræftforskning","bestå, bestående, historisk, forbedre, succeshistorie, henrik, pigernesresultatet, først, antallet, 1200","nordicbavarian, bavarian, bavariannordic, imvanex, iversen, tavs, bava, bmj, gavn, bvnry","kræfthandlingsplan, kræftplanen, kræftplan, kræftdødsfald, kræftbehandling, kræftproblemerne, kræftbehandlingen, kræftbehandlinger, kræfttilfældene, kræfttilfælde","sværere, undervurderer, underrapportering, unormale, uspecifikke, diskutere, genitale, besynderligt, værre, betydelige","proof, bevis, beviset, bevise, påstå, evidence, beviser, hpvtest, bevises, bevist","kønsvorter, kønsvorterne, kønsvorte, kønsvorter2, vorter, vorte, kønsorganer, vort, kønsorganerne, vorterne","højteknologifonden, forskningschef, kampagneekspert, centerdirektør, informationskampagne, oplysningskampagner, oplysningskampagne, forebyggelseschef, kommunikationsrådgiver, pseudovidenskab"
"2012 12 28 - 2013 09 20","mundkræft, mundsvælgkræft, mundsvælgskræft, mundhulekræft, halskræft, hovedhalskræft, halskræfthos, halscancer, kræftvirus, kræftvirussen","usikkerhed, bekymret, kræftvaccination, bekymrende, kræftrisiko, kræftrisikoen, kræftsyg, bekymringer, uansvarligt, bekymringerne","screeningsalderen, age, gennemsnitsalderen, gennemsnitsalder, aged, old, aldersgrænsen, aldersgrænse, years, dollar","hovedhalskræft, livsmoderhalskræft, livmoderhalskræften, kræftforskningen, livmorhalskræft, halskræft, kræftvaccine, børnekræft, livmoderhalskræftvaccinen, kræftvaccinationer","ungdommen, pillerne, forskningssamarbejde, forskningsarbejde, forskerne, myten, forskningsprojekter, forskergruppe, personerne, nyhedsbureauet","skuespillere, skuespiller, skuespillerinden, forfattere, skuespilleren, ældreminister, underholdning, lykkeligste, journalisterne, aktørerne","screeningstest, screeningsundersøgelse, livmoderhalskræftscreening, screeningsmetode, screeningsundersøgelser, screening, screeningsmetoder, screeningsprøve, screeningsafdeling, screenings","livmoderhalsen, livmoderhals, livmoderhalskraft, livsmoderhalskræft, livmoderhalsens, livmoder, livmoderhalskræftog, livmoderhalskræfter, livmoderhalskræften, livmorhalskræft","cost, omkostning, omkostninger, kosten, bekostning, livmoderhalskræftkoster, udgifter, udgiften, omkostningerne, udgifterne","livmoderhalskræftkoster, finanslovsforslaget, finanslovsforhandlingerne, budget, bekostning, finanslovsudspillet, cost, finansminister, omkostning, omkostninger","bivirkningsindberetninger, hovedpine, bivirkningsramte, smertesymptomer, symptomerne, bivirkningskomitéen, bivirkningskomité, bivirkningsramt, symptomer, bivirkning","livmoderhalskræftkoster, underlivskræft, hpvtest, peniskræft, livmoderhalskraeft, livmoderhalskræfthvert, pigernesresultatet, penishovedet, livmoderkræfttilfælde, hpv18","kræftvaccinen, kræftforsker, kræftforskere, vaccinationsforskningen, kræftvaccine, kræftvacciner, kræftforskningen, kræftforskning, kræftforskeres, kræftvirus","pigernesresultatet, vaccinationsprocenten, antallet, deltagerprocenten, vaccinationsprocent, halveret, næsthyppigste, resulterede, vaccinationsraten, sidst","bavarian, bavariannordic, nordicbavarian, bvnry, bava, ofnasdaq, imvanex, tavs, gavn, nasdaq","kræftdødsfald, kræftplanen, kræfthandlingsplan, kræftplan, kræftbehandling, kræftbehandlingen, cancerregisteret, cancerregistret, kræftproblemerne, kræftbehandlinger","kønsvorter, kønsvorte, livmoderhalskræftkoster, kønsvorterne, kønsvorter2, undervurderer, sønner, sønnerne, konkludere, anslår","proof, hpvtest, skepsis, hpvhpv, bevis, evidence, https, beviset, hp, betryggende","kønsvorter, kønsvorterne, kønsvorte, kønsvorter2, vorter, vorte, vorterne, fodvorter, behandlingsresultater, vort","højteknologifonden, forskningschef, kampagneekspert, forebyggelseschef, informationskampagne, pseudovidenskab, kommunikationsrådgiver, hpvdebattendebatten, oplysningskampagne, oplysningskampagner"
"2013 09 20 - 2014 06 13","mundkræft, mundsvælgkræft, mundsvælgskræft, mundhulekræft, halskræft, hovedhalskræft, kræftvirus, kræftvirussen, halskræfthos, halscancer","bekymret, bekymrende, bekymringer, kræftsyg, bekymringen, bekymrede, betænkeligheder, bekymringerne, forsigtighed, bekymrer","screeningsalderen, age, gennemsnitsalderen, old, gennemsnitsalder, 65, aldersgrænsen, 64, aldersgrænse, 2500","livsmoderhalskræft, livmorhalskræft, livmoderhalskræften, livmoderhalskræftvaccinen, livmoderhalskræft, leverkræft, hovedhalskræft, livmoderhalskræftkræftens, livmoderhalskræfttilfælde, kræftplanen","polypper, ungdommen, revolutionerede, højtuddannede, rekombinante, forskningssamarbejde, beboerne, nydiagnosticerede, moren, revolutionerende","skuespillere, forfattere, forfatterne, skuespiller, underholdning, journalisterne, forfatternes, ældreminister, lykkeligste, kritikere","screeningsmetode, livmoderhalskræftscreening, screeningsmetoder, screeningstest, screeningsafdeling, screeningstilbuddet, screeningsprogram, screeningsundersøgelse, screeningsprogrammet, screening","livsmoderhalskræft, livmoderhalsen, livmoderhals, livmoderhalskraft, livmoderhalskræften, livmoderhalsens, livmorhalskræft, livmoderhalskræft, livmoder, livmoderhalskræfter","cost, omkostning, omkostninger, bekostning, udgiften, livmoderhalskræftkoster, royalties, udgifter, kosten, omkostningerne","livmoderhalskræftkoster, finanslovsforslaget, finanslovsforhandlingerne, omkostninger, cost, bekostning, finansminister, budget, omkostning, omkostningerne","bivirkningsindberetninger, hovedpine, bivirkningskomitéen, bivirkningsramte, bivirkningsprofil, bivirkningsramt, bivirkningskomité, bivirkning, smertesymptomer, smertesyndromer","livmoderhalskræftkoster, hpvtest, vulvacancer, underlivskræft, livmoderhalskraeft, livmoderhalskræfthvert, hpv18, livmoderkræfttilfælde, hpvinfektion, livmoderhalskræftscreening","kræftforsker, vaccinationsforskningen, kræftforskere, kræftvaccinen, kræftforskningen, kræftforskning, kræftvaccine, kræftvacciner, kræftforskeres, forskerkolleger","pigernesresultatet, antallet, vaccinationsraten, resulterede, vaccinationsprocenten, citerede, resultatet, vaccinationsprocent, kalorier, 1200","nordicbavarian, bavariannordic, imvanex, bavarian, bvnry, nivolumab, ofnasdaq, biotekselskab, adaptvac, 43selskabsmeddelelse","kræfthandlingsplan, kræftplanen, kræftdødsfald, kræftplan, cancerregisteret, cancerregistret, kræftforekomst, kræftproblemerne, kræftbehandling, kræftbehandlingen","livmoderhalskræftkoster, sandsynlig, konkludere, formodninger, kønsvorter, anslår, kønsvorte, lignende, konkluderede, konkluderet","hpvtest, proof, bevis, hpvhpv, evidence, beviser, evidens, bevises, beviset, bevise","kønsvorterne, kønsvorter, kønsvorte, kønsvorter2, vorter, varianter, vorte, kønsorganerne, kønsorganer, variationer","højteknologifonden, forskningschef, kampagneekspert, hpvdebattendebatten, informationskampagne, pseudovidenskab, forebyggelseschef, samfundsøkonomien, redaktionschef, centerdirektør"
"2014 06 13 - 2015 03 06","mundkræft, mundsvælgkræft, mundsvælgskræft, mundhulekræft, halskræft, hovedhalskræft, kræftvirus, kræftvirussen, halskræfthos, halskræfttilfælde","kræftvaccination, kræftsyg, kræftvaccinationer, kræftvaccinen, bekymret, kræftvaccine, kræftrisiko, kræftrådgivningen, kræftrisikoen, kræftsyge","screeningsalderen, gennemsnitsalderen, gennemsnitsalder, age, aldersgrænsen, aldersgrænse, årsalderen, pensionsalderen, old, fødselsårgang","kræftplanen, kræftplan, kræftsagen, kræftvaccine, livmorhalskræft, kræftforskningen, kræftvaccinen, børnekræft, livsmoderhalskræft, mavekræft","forskerne, håbe, forskergruppe, højne, beboerne, forskningsarbejde, personerne, udforske, forskningsgruppe, økonomien","skuespillere, skuespiller, lykkeligste, skuespillerinden, underholdning, ældreminister, finansminister, insisterede, bjarne, gunslinger","screeningstest, livmoderhalskræftscreening, screeningsmetode, screeningsprøve, screeningsundersøgelse, screeningsafdeling, screeningstilbuddet, screeningsmetoder, screeningstilbud, screeningsundersøgelser","livmoderhalskraft, livmoderhalsen, livmoderhals, livsmoderhalskræft, livmoder, livmoderhalskræfter, livmoderhalsens, livmoderen, livmoderhalskræftog, livmorhalskræft","cost, livmoderhalskræftkoster, omkostning, omkostninger, værdien, udgifter, vaccineskadede, paywall, egenbetaling, vægten","livmoderhalskræftkoster, livmoderhalskræfthvert, livmoderhalsen, finanslovsforslaget, bekostning, livmoderhals, engangsbeløb, livmoderhalskræften, livmoderhalskræft, lovforslag","bivirkningsindberetninger, bivirkningskomitéen, bivirkningskomité, bivirkningsprofil, bivirkningsramte, bivirkning, bivirkningsramt, bivirkningerne, synkebesvær, hovedpine","livmoderhalskræftkoster, livmoderhalskræftpatienter, livmoderhalskraeft, livmoderhalskræftkan, livmoderhalskræfthvert, papillomer, livmoderhalskræftog, livmoderhalskræftscreening, livmoderhalskræft, livmoderhalskræftsenere","kræftforsker, kræftforskere, kræftvaccinen, kræftknuder, kræftvaccine, kræftvacciner, kræftforskeres, kræftforskningen, forskningschef, kræftknude","1977, 1987, pigernesresultatet, vaccinationsprocent, 1967, 1997, vaccinationsprocenten, 1982, halvere, 1200","bavarian, nordicbavarian, bava, bavariannordic, imvanex, ebolavaccine, influenzavaccinen, rehabiliteringsindsats, ofnasdaq, coronavaccinen","kræfthandlingsplan, kræftplanen, kræftplan, kræftdødsfald, kræftbehandling, kræftrisiko, cancerregistret, kræftrisikoen, kræftbehandlingen, kræftforebyggelse","kønsvorter, kønsvorte, kønsvorter2, kønsvorterne, ensidig, anogenital, livmoderhalskræftkoster, klitoris, genital, genitale","hpvtest, proof, betryggende, næringsstoffer, skepsis, samliv, påstå, risk, effektivt, sf","kønsvorter, kønsvorterne, kønsvorte, vorter, kønsvorter2, vorte, vorterne, minoriteter, reduktion, kønsorganer","højteknologifonden, forskningschef, forebyggelseschef, hpvdebattendebatten, screeningsprogrammerne, forskningsinstitutioner, hvp, hp, sundhedssektoren, hpvvaccine"
"2015 03 06 - 2015 11 28","mundkræft, mundsvælgkræft, mundsvælgskræft, halskræft, mundhulekræft, hovedhalskræft, halscancer, halskræfthos, kræftvirus, halskræfttilfælde","bekymret, bekymrende, kræftsyg, usikkerhed, bekymringen, kræftvaccination, kræftrisiko, bekymringer, kræftrisikoen, forsigtig","screeningsalderen, age, gennemsnitsalderen, gennemsnitsalder, old, aged, years, årsalderen, aldersgrænsen, aldersgrænse","hovedhalskræft, livsmoderhalskræft, livmoderhalskræften, kræftforskningen, livmorhalskræft, børnekræft, kræftplanen, livmoderhalskræft, livmoderhalskræftkræftens, livmoderhalskræftvaccinen","ungdommen, forskningsarbejde, pillerne, forskerne, forskningssamarbejde, forskergruppe, myten, forskningsprojekter, beboerne, personerne","skuespillere, skuespiller, skuespillerinden, forfattere, lykkeligste, ældreminister, underholdning, skuespilleren, forfatterne, journalisterne","livmoderhalskræftscreening, screeningsundersøgelse, screeningstest, screeningsmetode, screeningsundersøgelser, screeningsafdeling, screeningsmetoder, screeningsprøve, screeningstilbuddet, screening","livmoderhalsen, livmoderhals, livsmoderhalskræft, livmoderhalskraft, livmoderhalsens, livmoder, livmorhalskræft, livmoderhalskræften, livmoderhalskræfter, livmoderhalskræftog","cost, omkostning, kosten, omkostninger, livmoderhalskræftkoster, udgifter, udgiften, bekostning, paywall, royalties","livmoderhalskræftkoster, finanslovsforslaget, finanslovsforhandlingerne, finansminister, finanslovsudspillet, budget, cost, finansministeriet, bekostning, engangsbeløb","bivirkningsindberetninger, hovedpine, bivirkningsramte, bivirkningskomitéen, bivirkningskomité, smertesymptomer, bivirkningsramt, smertesyndromer, symptomerne, bivirkningerne","livmoderhalskræftkoster, underlivskræft, hpvtest, livmoderhalskraeft, livmoderkræfttilfælde, pigernesresultatet, peniskræft, livmoderhalskræfthvert, livmoderkræft, hpv18","kræftvaccinen, kræftforsker, kræftforskere, kræftvaccine, kræftvacciner, vaccinationsforskningen, kræftforskningen, kræftforskning, kræftforskeres, kræftvaccination","pigernesresultatet, vaccinationsprocenten, vaccinationsprocent, deltagerprocenten, antallet, halveret, næsthyppigste, vaccinationsraten, 1200, flest","bavarian, bavariannordic, nordicbavarian, bava, imvanex, bvnry, ofnasdaq, mva, nordcan, gavn","kræftdødsfald, kræftplanen, kræftplan, kræfthandlingsplan, cancerregistret, cancerregisteret, kræftbehandling, kræftproblemerne, kræftbehandlingen, kræftrisiko","kønsvorter, kønsvorte, livmoderhalskræftkoster, kønsvorter2, kønsvorterne, undervurderer, sønner, sønnerne, anslår, konkludere","proof, hpvtest, evidence, bevis, hpvhpv, beviset, bevist, skepsis, betryggende, beviser","kønsvorter, kønsvorterne, kønsvorte, kønsvorter2, vorter, vorte, vorterne, varianter, vælter, vort","højteknologifonden, pseudovidenskab, kampagneekspert, forskningschef, hpvdebattendebatten, forebyggelseschef, informationskampagne, centerdirektør, offentligheden, forskningsleder"
"2015 11 28 - 2016 08 20","mundkræft, mundsvælgkræft, mundsvælgskræft, mundhulekræft, halskræft, hovedhalskræft, halscancer, halskræfthos, kræftvirus, kræftvirussen","usikkerhed, kræftvaccination, forsigtig, bekymret, forsigtighed, kræftvaccinationer, kræftrisiko, forskrækket, kræftrisikoen, bekymrende","screeningsalderen, gennemsnitsalderen, age, gennemsnitsalder, aldersgrænsen, old, aldersgrænse, aged, årsalderen, dødsårsagsregistrene","hovedhalskræft, kræftforskningen, livsmoderhalskræft, kræftplanen, livmoderhalskræften, kræftforskning, kræftvaccine, kræftforsker, livmoderhalskræftvaccinen, livmorhalskræft","ungdommen, pillerne, forskerne, forskningsarbejde, forskningssamarbejde, personerne, forskningsprojekter, myten, beboerne, forskergruppe","skuespillere, skuespiller, forfattere, direktøren, ældreminister, forfatterne, underholdning, psykologer, skuespillerinden, lykkeligste","livmoderhalskræftscreening, screeningstest, screeningsundersøgelse, screeningsmetode, screeningsundersøgelser, screeningsmetoder, screeningsprøve, screeningsafdeling, screening, screeningsprogram","livmoderhalsen, livmoderhals, livmoderhalskraft, livsmoderhalskræft, livmoder, livmoderhalsens, livmoderhalskræftog, livmorhalskræft, livmoderhalskræften, livmoderen","cost, omkostning, omkostninger, kosten, bekostning, livmoderhalskræftkoster, omkostningerne, udgifter, royalties, paywall","livmoderhalskræftkoster, finanslovsforhandlingerne, finanslovsforslaget, engangsbeløb, finanslovsudspillet, milliardaftale, cost, budget, bekostning, finansminister","bivirkningsindberetninger, bivirkningsramte, bivirkningskomitéen, smertesymptomer, bivirkningskomité, hovedpine, bivirkningsramt, symptomerne, smertesyndromer, bivirkning","livmoderhalskræftkoster, underlivskræft, livmoderhalskraeft, hpvtest, peniskræft, livmoderhalskræfthvert, livmoderkræfttilfælde, livmoderhalskræftpatienter, livmoderkræft, livmoderhalskræfttilfælde","kræftforsker, kræftvaccinen, kræftforskere, vaccinationsforskningen, kræftforskningen, kræftvaccine, kræftvacciner, kræftforskning, kræftforskeres, rejsevaccine","pigernesresultatet, vaccinationsprocenten, vaccinationsprocent, antallet, halveret, deltagerprocenten, næsthyppigste, vaccinationsraten, 1200, resulterede","bavarian, nordicbavarian, bavariannordic, bava, ofnasdaq, bvnry, imvanex, nordcan, nasdaq, mva","kræftdødsfald, kræftplanen, kræftplan, kræfthandlingsplan, cancerregistret, cancerregisteret, kræftbehandling, kræftbehandlingen, kræftproblemerne, kræftpatienter","kønsvorter, kønsvorte, kønsvorter2, kønsvorterne, livmoderhalskræftkoster, pigernesresultatet, undervurderer, konkludere, sønnerne, genitale","hpvtest, proof, bevis, hpvhpv, beviset, evidence, bevist, attest, betryggende, skepsis","kønsvorterne, kønsvorter, kønsvorte, kønsvorter2, vorter, vorte, vorterne, pigernesresultatet, reducerer, vort","højteknologifonden, forskningschef, kampagneekspert, pseudovidenskab, journalisthøjskole, forebyggelseschef, centerdirektør, kommunikationsrådgiver, hpvdebattendebatten, informationskampagne"
"2016 08 20 - 2017 05 13","mundkræft, mundsvælgkræft, mundsvælgskræft, mundhulekræft, halskræft, hovedhalskræft, halskræfthos, halscancer, kræftvirus, kræftvirussen","usikkerhed, kræftvaccination, bekymrende, forsigtighed, bekymret, forsigtig, uansvarligt, kræftrisiko, kræftrisikoen, uansvarlighed","screeningsalderen, age, gennemsnitsalderen, aged, gennemsnitsalder, old, aldersgrænsen, years, årsalderen, aldersgrænse","kræftforskningen, hovedhalskræft, kræftplanen, livsmoderhalskræft, kræftforskning, kræftvaccine, kræftvaccinationer, livmoderhalskræften, kræftplan, oncology","ungdommen, forskningsarbejde, pillerne, forskerne, forskergruppe, forskningssamarbejde, nyhedsbureauet, journalisterne, beboerne, virkelighed","skuespillere, skuespiller, skuespillerinden, ældreminister, skuespilleren, forfattere, lykkeligste, underholdning, direktøren, journalisterne","livmoderhalskræftscreening, screeningstest, screeningsundersøgelse, screeningsmetode, screeningsundersøgelser, screeningsafdeling, screeningsmetoder, screeningsprøve, screening, screenings","livmoderhalsen, livmoderhals, livmoderhalskraft, livsmoderhalskræft, livmoder, livmoderhalsens, livmoderen, livmoderhalskræftog, livmoderhalskræften, livmorhalskræft","cost, omkostning, omkostninger, udgifter, kosten, livmoderhalskræftkoster, udgiften, bekostning, paywall, royalties","livmoderhalskræftkoster, finanslovsforslaget, finanslovsforhandlingerne, budget, finanslovsudspillet, cost, finansminister, bekostning, omkostninger, engangsbeløb","bivirkningsindberetninger, hovedpine, bivirkningskomitéen, smertesymptomer, bivirkningsramte, bivirkningskomité, smertesyndromer, bivirkningsramt, symptomerne, bivirkningerne","livmoderhalskræftkoster, underlivskræft, hpvtest, livmoderhalskraeft, livmoderhalskræfthvert, livmoderkræfttilfælde, peniskræft, livmoderhalskræfttilfælde, pigernesresultatet, livmoderhalskræftpatienter","kræftvaccinen, kræftforsker, kræftforskere, kræftvacciner, kræftvaccine, kræftforskningen, vaccinationsforskningen, kræftforskeres, kræftforskning, forskerkolleger","pigernesresultatet, vaccinationsprocenten, deltagerprocenten, vaccinationsprocent, antallet, halveret, 1200, resulterede, halvere, vaccinationsraten","bavarian, nordicbavarian, bavariannordic, bava, ofnasdaq, bvnry, imvanex, nasdaq, mva, nordcan","kræftplanen, kræftplan, kræftdødsfald, kræfthandlingsplan, cancerregisteret, cancerregistret, kræftbehandling, kræftbehandlingen, kræftpatienter, kræftbehandlinger","kønsvorter, kønsvorte, kønsvorter2, livmoderhalskræftkoster, kønsvorterne, sønnerne, drengebørn, undervurderer, tværtimod, anslår","proof, hpvtest, evidence, bevis, skepsis, hpvhpv, beviset, overbevisning, påstå, bevist","kønsvorter, kønsvorterne, kønsvorte, kønsvorter2, vorter, vorte, vorterne, varianter, vort, fodvorter","højteknologifonden, pseudovidenskab, forskningschef, forebyggelseschef, informationskampagne, kampagneekspert, journalisthøjskole, hpvdebattendebatten, samfundsøkonomien, oplysningskampagne"
"2017 05 13 - 2018 02 03","mundsvælgkræft, mundkræft, mundsvælgskræft, mundhulekræft, halskræft, hovedhalskræft, halskræfthos, halscancer, kræftvirus, halskræfttilfælde","usikkerhed, kræftvaccination, bekymrende, kræftrisikoen, kræftrisiko, kræftsyg, bekymret, bekymringen, kræftvaccinationer, bekymringerne","screeningsalderen, gennemsnitsalderen, age, gennemsnitsalder, old, aged, aldersgrænsen, years, aldersgrænse, årsalderen","hovedhalskræft, livsmoderhalskræft, børnekræft, livmoderhalskræften, kræftplanen, livmorhalskræft, kræftvaccinationer, kræftforskningen, livmoderhalskræftvaccinen, kræftvaccine","ungdommen, forskergruppe, forskerne, pillerne, forskningssamarbejde, forskningsarbejde, forskningsprojekter, personerne, forskergrupper, forskningsbaserede","skuespillere, skuespiller, ældreminister, skuespillerinden, lykkeligste, forfattere, underholdning, finansminister, justitsminister, direktøren","screeningstest, livmoderhalskræftscreening, screeningsundersøgelse, screeningsmetode, screeningsafdeling, screeningsundersøgelser, screeningsmetoder, screeningsprøve, screening, screeningsprogram","livmoderhalsen, livmoderhals, livsmoderhalskræft, livmoderhalskraft, livmoderhalsens, livmoder, livmoderhalskræfter, livmoderhalskræften, livmoderen, livmorhalskræft","cost, omkostning, omkostninger, kosten, udgifter, bekostning, livmoderhalskræftkoster, omkostningerne, royalties, udgiften","livmoderhalskræftkoster, finanslovsforslaget, finanslovsforhandlingerne, finanslovsudspillet, cost, budget, bekostning, engangsbeløb, omkostning, omkostninger","bivirkningsindberetninger, hovedpine, bivirkningsramte, smertesymptomer, bivirkningsramt, symptomerne, bivirkningskomitéen, smertesyndromer, bivirkningskomité, bivirkningerne","livmoderhalskræftkoster, underlivskræft, hpvtest, pigernesresultatet, livmoderhalskræfthvert, livmoderhalskraeft, peniskræft, livmoderkræft, livmoderkræfttilfælde, hpv30","kræftvaccinen, kræftforsker, kræftvacciner, kræftforskere, kræftvaccine, vaccinationsforskningen, kræftforskningen, kræftforskning, kræftforskeres, forskerkolleger","pigernesresultatet, vaccinationsprocenten, vaccinationsprocent, halveret, antallet, deltagerprocenten, næsthyppigste, halvt, resulterede, halvere","bavarian, nordicbavarian, bavariannordic, bava, ofnasdaq, bvnry, imvanex, mva, nasdaq, tavs","kræftplanen, kræfthandlingsplan, kræftplan, kræftdødsfald, kræftbehandling, cancerregistret, kræftbehandlingen, kræftbehandlinger, cancerregisteret, kræftrisiko","livmoderhalskræftkoster, kønsvorter, kønsvorte, kønsvorter2, kønsvorterne, anslår, undervurderer, drengebørn, versus, konkludere","hpvtest, proof, bevis, hpvhpv, evidence, beviset, bevist, skepsis, påstå, faktahpv","kønsvorter, kønsvorterne, kønsvorte, kønsvorter2, vorter, vorte, vorterne, varianter, forskningsresultater, pigernesresultatet","højteknologifonden, kampagneekspert, forskningschef, pseudovidenskab, forebyggelseschef, centerdirektør, forskningsinstitutioner, hpvdebattendebatten, informationskampagne, kommunikationsrådgiver"
"2018 02 03 - 2018 10 27","mundsvælgkræft, mundsvælgskræft, mundkræft, mundhulekræft, hovedhalskræft, halskræft, kræftvirus, kræftvirussen, halskræfthos, halscancer","usikkerhed, kræftvaccination, advisory, betænkeligheder, forsigtighed, bekymrende, forsigtig, kræftvaccinationer, kræftrisiko, advarsel","screeningsalderen, gennemsnitsalderen, age, gennemsnitsalder, old, aged, aldersgrænsen, aldersgrænse, årsalderen, dollar","hovedhalskræft, livsmoderhalskræft, livmoderhalskræften, kræftforskningen, livmoderhalskræftvaccinen, kræftplanen, kræftvaccinationer, livmorhalskræft, kræftforskning, kræftvaccine","pillerne, ungdommen, forskningssamarbejde, forskningsarbejde, forskningsprojekter, forskerne, forskergruppe, forskningsbaserede, personlighed, myten","skuespiller, skuespillere, ældreminister, skuespillerinden, lykkeligste, skuespilleren, underholdning, forfattere, græder, justitsminister","livmoderhalskræftscreening, screeningsmetode, screeningstest, screeningsundersøgelse, screeningsmetoder, screeningsundersøgelser, screeningsafdeling, screeningsprøve, screening, screeningsprogram","livmoderhalsen, livmoderhals, livsmoderhalskræft, livmoderhalsens, livmoder, livmoderhalskraft, livmoderen, livmoderhalskræften, livmorhalskræft, livmoderhalskræftkræftens","cost, omkostning, omkostninger, kosten, udgifter, bekostning, paywall, udgiften, omkostningerne, royalties","livmoderhalskræftkoster, finanslovsforslaget, finanslovsforhandlingerne, finansminister, budget, engangsbeløb, cost, finanslovsudspillet, bekostning, omkostninger","bivirkningsindberetninger, hovedpine, smertesymptomer, bivirkningsramte, symptomerne, bivirkningskomitéen, smertesyndromer, bivirkningerne, bivirkningskomité, symptomer","livmoderhalskræftkoster, hpvtest, underlivskræft, livmoderhalskraeft, livmoderkræfttilfælde, livmoderhalskræfthvert, peniskræft, pigernesresultatet, hpv30, livmoderkræft","kræftvaccinen, kræftforsker, kræftforskere, kræftvacciner, kræftvaccine, kræftforskningen, vaccinationsforskningen, kræftforskning, kræftknuder, kræftvirus","pigernesresultatet, vaccinationsprocenten, vaccinationsprocent, halveret, antallet, vaccinationsraten, deltagerprocenten, 1200, tolv, halvt","bavarian, nordicbavarian, bavariannordic, bava, bvnry, ofnasdaq, imvanex, mva, nasdaq, nordcan","kræftdødsfald, kræftplanen, kræfthandlingsplan, kræftplan, cancerregistret, cancerregisteret, kræftbehandling, kræftforekomst, kræfti, kræftbehandlingen","kønsvorter, livmoderhalskræftkoster, kønsvorte, kønsvorter2, kønsvorterne, undervurderer, sønner, sønnerne, anslår, versus","proof, hpvtest, bevis, beviset, bevist, hpvhpv, evidence, beviser, skepsis, betryggende","kønsvorterne, kønsvorter, kønsvorte, vorter, kønsvorter2, vorte, vorterne, kønsorganerne, kønsorganer, forskningsresultater","højteknologifonden, pseudovidenskab, forebyggelseschef, centerdirektør, kampagneekspert, journalisthøjskole, forskningschef, hpvdebattendebatten, informationskampagne, kommunikationsrådgiver"
"2018 10 27 - 2019 07 20","mundsvælgkræft, mundsvælgskræft, mundkræft, hovedhalskræft, halskræft, mundhulekræft, kræftvirussen, halskræfthos, kræftvirus, halscancer","kræftvaccination, kræftvaccinationer, forældremøder, bekymret, kræftrisiko, kræftrådgivningen, bekymringen, kræftrisikoen, kræftvaccinen, kræftvaccine","screeningsalderen, gennemsnitsalderen, age, old, gennemsnitsalder, years, aldersgrænsen, aged, aldersgrænse, livstidsrisikoen","kræftplanen, hovedhalskræft, kræftforskningen, kræftforskere, livsmoderhalskræft, kræftlægerne, børnekræft, kræftforsker, kræftforskning, livmoderhalskræften","ungdommen, jeppe, faktahpv, tankevækkende, journalisterne, forskningsarbejde, forskningssamarbejde, evne, forskningsbaserede, hæve","skuespillere, skuespiller, ældreminister, forfattere, journalisterne, skuespillerinden, justitsminister, direktøren, forfatterne, lykkeligste","livmoderhalskræftscreening, screeningstest, screeningsundersøgelse, screeningsmetode, screeningsundersøgelser, screeningsprøve, screeningsmetoder, screening, screeningsafdeling, screenings","livmoderhalsen, livmoderhals, livsmoderhalskræft, livmoderhalskraft, livmoderhalsens, livmoder, livmoderhalskræftog, livmoderhalskræften, livmorhalskræft, livmoderhalskræfter","cost, omkostning, udgiften, royalties, kosten, udgifter, milliarder, forskningsfond, omkostninger, livmoderhalskræftkoster","livmoderhalskræftkoster, finanslovsforslaget, budget, finansminister, finanslovsforhandlingerne, omkostninger, engangsbeløb, omkostning, finansministeriet, finanslovsudspillet","bivirkningsindberetninger, bivirkningsramte, hovedpine, smertesymptomer, smertesyndromer, symptomerne, bivirkningsramt, træthedssyndromet, smertesyndrom, bivirkningerne","livmoderhalskræftkoster, underlivskræft, livmoderhalskraeft, livmoderhalskræftpatienter, livmoderhalskræfthvert, livmoderkræfttilfælde, hpvtest, peniskræft, livmoderhalskræfttilfælde, hpvtyper","kræftvaccinen, vaccinationsforskningen, kræftforsker, kræftforskere, kræftvacciner, kræftvaccine, kræftforskningen, forskerkolleger, kræftforskning, kræftcelle","pigernesresultatet, antallet, vaccinationsprocenten, vaccinationsprocent, vaccinationsraten, 1997, næsthyppigste, deltagerprocenten, bestå, halveret","bavarian, nordicbavarian, bavariannordic, bava, bvnry, ofnasdaq, imvanex, mva, nordcan, bmj","kræftplanen, kræfthandlingsplan, kræftplan, kræftdødsfald, cancerregisteret, cancerregistret, kræftrisiko, kræftrisikoen, kræftproblemerne, kræftbehandling","kønsvorter, kønsvorte, kønsvorter2, kønsvorterne, livmoderhalskræftkoster, undervurderer, kønsorganer, kønsorganerne, udenom, underminere","proof, hpvtest, evidence, bevis, beviser, hpvhpv, hhv, prevent, beviset, beskrev","kønsvorter, kønsvorterne, kønsvorte, kønsvorter2, vorter, kønsorganerne, kønsorganer, vorte, vorterne, vort","højteknologifonden, forskningschef, hpvdebattendebatten, pseudovidenskab, journalisthøjskole, forebyggelseschef, centerdirektør, forskningsinstitutioner, kampagneekspert, hpvvaccine"
"2019 07 20 - 2020 04 11","mundkræft, mundsvælgkræft, mundsvælgskræft, mundhulekræft, halskræft, hovedhalskræft, halskræfthos, kræftvirus, kræftvirussen, kræfttyper","usikkerhed, kræftvaccination, forældremøder, kræftsyg, afkræfte, kræftsyge, forsigtig, kræftvaccinationer, skræmmekampagne, skråsikre","screeningsalderen, age, old, gennemsnitsalderen, gennemsnitsalder, years, aged, dollars, dollar, resulterer","hovedhalskræft, kræftforskningen, livsmoderhalskræft, livmoderhalskræften, kræftvaccinationer, børnekræft, livmorhalskræft, kræftforskning, kræftplanen, kræftvaccine","forskningsprojekter, ungdommen, forskergruppe, forskningssamarbejde, forskningsarbejde, forskerne, forskningsprojektet, forskningsbaserede, forskningsgruppe, forskergrupper","skuespillere, skuespiller, skuespillerinden, skuespilleren, direktøren, lykkeligste, forfattere, underholdning, finansdirektør, solgte","screeningstest, screeningsmetode, livmoderhalskræftscreening, screeningsundersøgelse, screeningsmetoder, screening, screeningsprøve, screeningsundersøgelser, screeningsprogram, screeningsafdeling","livmoderhalsen, livmoderhals, livmoderhalsens, livmoderhalskraft, livmoder, livsmoderhalskræft, livmorhalsen, livmoderen, livmorhalskræft, livmoderhalskræfter","cost, omkostning, udgifter, udgiften, livmoderhalskræftkoster, bekostning, dollars, omkostninger, royalties, kosten","livmoderhalskræftkoster, finanslovsforhandlingerne, finanslovsforslaget, finanslovsudspillet, budget, finansminister, finansministeriet, engangsbeløb, udgifter, cost","hovedpine, bivirkningsindberetninger, smertesyndromer, bivirkningsramte, smertesyndromet, smertesymptomer, bivirkningskomitéen, smertesyndrom, symptomerne, træthedssyndromet","livmoderhalskræftkoster, underlivskræft, livmoderhalskræfthvert, livmoderhalskraeft, livmoderhalskræfttilfælde, livmoderkræfttilfælde, livmoderhalskræftpatienter, livmoderhalskræfttilfældene, peniskræft, hpvtest","kræftvaccinen, kræftforsker, kræftforskere, kræftvacciner, kræftvaccine, vaccinationsforskningen, kræftforskningen, kræftforskeres, kræftforskning, forskerkolleger","vaccinationsprocenten, vaccinationsprocent, vaccinationsraten, pigernesresultatet, halveret, antallet, procent, deltagerprocenten, næsthyppigste, resulterede","bavarian, nordicbavarian, bavariannordic, bava, ofnasdaq, bvnry, imvanex, mva, nasdaq, tavs","kræftdødsfald, kræftplanen, kræftplan, kræfthandlingsplan, kræftbehandling, kræftproblemerne, kræftbehandlingen, kræftbehandlinger, kræfttilfældene, cancerregistret","livmoderhalskræftkoster, undervurderer, kønsvorter, kønsvorte, kønsvorter2, kønsvorterne, omdiskuteret, konkludere, kønslæber, pigernesresultatet","hpvtest, proof, bevis, beviset, evidence, hpvhpv, bevist, bevise, hpvvirus, påstå","kønsvorter, kønsvorterne, kønsvorte, vorter, kønsvorter2, vorte, vorterne, vort, forskningsresultater, minoriteter","forebyggelseschef, forskningschef, højteknologifonden, centerdirektør, pseudovidenskab, pressechef, forskningsleder, kampagneekspert, kommunikationsrådgiver, redaktionschef"
"2020 04 11 - 2021 01 02","mundsvælgkræft, mundsvælgskræft, mundkræft, mundhulekræft, hovedhalskræft, halskræft, halskræfthos, kræftvirus, halscancer, kræftvirussen","anbefaling, usikkerhed, kræftrisiko, kræftrisikoen, bekymringer, bekymrende, betænkeligheder, vaccinekritiske, bekymringerne, kræftvaccination","screeningsalderen, age, gennemsnitsalderen, old, gennemsnitsalder, years, delt, unormalt, aged, livstidsrisikoen","hovedhalskræft, livsmoderhalskræft, livmoderhalskræften, livmoderhalskræftpatienter, kræftforskningen, livmoderhalskræftkræftens, livmorhalskræft, livmoderhalskræftvaccinen, kræftplanen, halskræft","forskningsarbejde, personlighed, ungdommen, journalisterne, detektivarbejde, forskerne, forskergruppe, lungekræftpatienter, nyhedsmedier, personerne","skuespillere, skuespiller, forfattere, underholdning, ældreminister, direktøren, forfatterne, lykkeligste, skuespillerinden, skuespilleren","livmoderhalskræftscreening, screeningstest, screeningsmetode, screeningsmetoder, screeningsundersøgelse, screeningsundersøgelser, screeningsprøve, mammografiscreening, screeningsafdeling, screenings","livmoderhalsen, livmoderhalskraft, livmoderhals, livmoder, livmoderen, livmoderhalsens, livsmoderhalskræft, livmorhalsen, livmoderhalskræfter, livmoderhalskræften","cost, omkostning, omkostninger, kosten, omkostningerne, bekostning, udgifter, royalties, omkostningsundersøgelse, kostet","finanslovsforslaget, livmoderhalskræftkoster, finanslovsforhandlingerne, finansminister, finansministeriet, finanslovsudspillet, budget, cost, bekostning, livmoderhalsen","smertesymptomer, hovedpine, bivirkningsindberetninger, symptomerne, smertesyndromer, symptomer, smertesyndrom, smertesyndromet, træthedssyndromet, bivirkning","livmoderhalskræftkoster, peniskræft, peniscancer, hpvtest, underlivskræft, livmoderkræfttilfælde, livmoderkræft, livmorkræft, livmoderhalskræfthvert, livmoderhalskræfttilfælde","kræftvaccinen, kræftvaccine, kræftforsker, kræftvacciner, vaccinationsforskningen, kræftvirussen, kræftforskningen, kræftforskere, kræftvirus, kræftcelle","pigernesresultatet, vaccinationsprocenten, vaccinationsprocent, antallet, årevis, historisk, indbyggere, halveret, resultatet, hyppigste","bavariannordic, nordicbavarian, bavarian, ofnasdaq, nasdaq, adaptvac, bvnry, nordcan, imvanex, bava","kræftdødsfald, kræftplanen, kræftplan, kræfthandlingsplan, kræftbehandling, cancerregisteret, kræftbehandlingen, kræftbehandlinger, cancerregistret, kræftproblemerne","kønsvorter, kønsvorter2, kønsvorte, kønsvorterne, undervurderer, livmoderhalskræftkoster, værre, versus, forværre, konkludere","proof, hpvtest, skepsis, hpvhpv, evidence, bevis, beviset, hpvvirus, herpesvirus, overbevisning","kønsvorter, kønsvorterne, kønsvorte, vorter, kønsvorter2, vorterne, forskningsresultater, varianter, vorte, behandlingsresultater","højteknologifonden, forebyggelseschef, kampagneekspert, forskningschef, informationskampagne, samfundsøkonomien, konspirationsteorierne, samfundsøkonomi, pseudovidenskab, hpvdebattendebatten"
"2021 01 02 - 2021 09 25","kræftvirus, peniscancer, mundkræft, kræftvirussen, mundsvælgskræft, peniskræft, mundsvælgkræft, testikelkræft, mundhulekræft, hudkræft","rådgive, anbefalinger, kræftrådgivningen, vaccinationstilbud, forældremøder, vaccinetilbud, vaccinekritiske, vaccinationstilbuddet, kræftsyg, vaccinationsdeltagelse","screeningsalderen, livstidsrisikoen, langtidsvirkningerne, unormalt, langtidseffekten, gennemsnitsalderen, livmoderhalskræftkoster, beregningerne, undervurderer, forskningsresultater","livsmoderhalskræft, livmoderhalskræften, kræftforskningen, børnekræft, kræftforskere, livmoderhalskræfttilfælde, livmoderhalskræftkræftens, livmoderhalskræft, livmoderhalskræftog, kræftforskning","teenagepiger, forsøger, opfordrer, pilotprojekt, forskningsarbejde, forsøgspersonerne, meld, bølger, foredrag, erhverve","skuespillerinden, journalisterne, musklerne, skoene, bukserne, søgte, knække, skuespilleren, insisterede, knækket","livmoderhalskræftscreening, screeningsmetode, screeningsundersøgelse, screeningsmetoder, screeningstest, screeningsundersøgelser, screeningsprøve, mammografiscreening, screenings, screeningsdeltagelse","livmoderhalsen, livmoderhals, livmoderhalsens, livmoder, livmoderhalskraft, livmorhalsen, livmoderen, livmoderhalskraeft, jordemoder, livmoderhalskræfter","omkostning, omkostninger, omkostningerne, økonomien, livsstils, livsstil, økonomi, livsstilen, omkostningseffektiv, vaske","finanslovsforslaget, cost, finanslovsudspillet, familieindkomst, budget, finans, omkostning, finansiering, omkostninger, kosten","smertesyndromer, føleforstyrrelser, følgesygdomme, smertesyndrom, lægemiddelovervågning, følelsesforstyrrelser, psykiater, smertelindring, bivirkningsindberetninger, rygsmerter","livmoderhalskræftkoster, livmoderhalskræfthvert, underlivskræft, livmoderhalskræft, livmoderhalskræften, livmorhalskræft, livmoderhalskræftscreening, livmoderkræft, livmorkræft, livmoderhalskræftog","mutationer, kræftvacciner, kræftforskere, forskerkolleger, mekanismer, coronavacciner, kræftforsker, vaccinationsforskningen, kræftvaccinen, kemiker","vaccinationsraten, vaccinationsprocenten, vaccinationsprocent, næsthyppigste, højeste, østrig, geisling, pigernesresultatet, hovedstadens, sisse","adaptvac, vaccinefabrikanter, finanslovsforslaget, ofnasdaq, finanslovsudspillet, vaccineproducenten, vaccineproducenter, finanslov, biotekselskab, vaccinationsindsatsen","kræftplanen, kræfthandlingsplan, kræftplan, kræftrisiko, kræftrisikoen, kræftdødsfald, kræftforebyggelse, cancerregisteret, cancerregistret, kræftfri","unormalt, bristol, analt, anogenital, liselott, finanslovsforhandlingerne, livsmoderhalskræft, kontroversielt, arveligt, livmoderhalskræfter","sved, hpvtest, bevis, virushpv, hhv, bevises, søvn, hbv, hpvhpv, heste","forskningsresultater, forskningsresultat, forskningen, forskningsprojektet, vaccinationsforskningen, forskningsprojekt, behandlingsresultater, forskning, forskningsprojekter, peniscancer","vaccineprojektet, vaccinationsforskningen, vaccinationsprogrammerne, højteknologifonden, forskningsprojektet, vaccineprogrammet, hpvvaccine, pilotprojekt, vaccineproducenten, projektet"
"2021 09 25 - 2022 06 18","mundkræft, mundsvælgkræft, mundhulekræft, mundsvælgskræft, peniscancer, vulvacancer, hudkræft, halscancer, halskræft, kræftvirussen","børnekræft, betina, kræftrisiko, børnecancerfonden, kræftrisikoen, kræftrådgivningen, børnevaccinationsprogrammer, invitationbetina, børnelæger, lungekræft","screeningsalderen, aldersgrænsen, aldersgrænse, age, old, gennemsnitsalderen, teenager, teenage, tidsalder, aged","børnecancerfonden, livmoderhalskræftvaccinen, kræftforskere, kræftforskningen, worldcancerday, kræftlægerne, kræftvaccinen, kræftvaccinationer, kræftforsker, kræftforskeres","mediehistorier, ulighed, psykologi, psykologer, uligheden, forsøgspersonerne, virkelighed, mediedebatten, fordi, formåede","forfatteren, forfattere, journalisten, journalist, journalisterne, forfatterens, forfatterne, journalister, forfatter, aktionærer","livmoderhalskræftscreening, screeningsprøve, screeningstest, screeningsundersøgelse, screeningsundersøgelser, mammografiscreening, livmoderhalsen, hjemmetest, brystkræftscreening, livmoderhals","livmoderhals, livmoderhalsen, livmorhalsen, livmoderhalsens, livmoderhalskræftog, livmoderhalskræft, livmoderhalskræftsundhed, livmorhalskræft, livsmoderhalskræft, livmoder","overlevede, betyde, vrede, vagina, juice, jane, vegne, cigaret, vandt, yoga","milliard, gebyr, hib, bevillinger, milliarder, gevinster, milliardaftale, gevinst, gekko, kapitalist","smertesyndromet, træthedssyndromet, smertesyndrom, smertesymptomer, træthedsyndrom, smertesyndromer, mundtørhed, sygdomssymptomer, smerterne, symptomerne","livmoderhalskræftkoster, livmoderkræft, livmoderhalskræften, livmoderhalskræft, livmoderhalskræfthvert, livmoderhalskræftpatienter, livmorkræft, livmoderhalskræftog, livmoderhalskræftsenere, livmoderhalskræftaf","lungebetændelse, leverbetændelse, tisse, kræftcelle, livmoderhalskraeft, lungekræft, klør, tisser, kaldte, leverkræft","livmoderhalskræftvaccinen, vaccinationsprocenten, vaccinationsprocent, livmoderhalsen, vaccinationsraten, livmoderhals, livmoderhalsens, coronavaccine, børnevaccinationsprogrammet, børnevaccinationsprogram","genmab, nasdaq, betina, ofnasdaq, nordicbavarian, biotekselskab, nivolumab, stomipose, begik, imvanex","kræfthandlingsplan, kræftplanen, kræftplan, kræftområdet, dkantaget, kræftforekomst, kræftproblemerne, ulighed, kræftdødsfald, kræftbehandling","afsløringer, kommenterer, henblik, forhåbentlig, inderligt, forhåbentligt, udelukker, indblik, udelukke, portefølje","tester, test, tests, hjemmetest, hjemmeprøver, prøver, teste, hjemmeprøve, påstå, testes","faktuel, faktuelle, gal, kemobehandling, forskningsresultat, forskningsresultater, faktiske, faktaboks, evidence, faktuelt","regionsrådet, højteknologifonden, vaccinationsdækningen, redaktionschef, kommunikationsrådgiver, hpvvaccine, vaccinedækning, hpvvaccination, vaccinationsdækning, rapporten"
"2022 06 18 - 2023 03 13","halskræft, kræfttyper, kræftformen, kræftformer, kræftform, halscancer, hovedhalskræft, cancertyper, halskræfthos, kræftvirussen","skræmme, kræftikke, skræmt, skræmmekampagne, forskrækket, frygte, skeptiske, skræk, opmærksomme, samtykke","gennemsnitsalderen, lavere, senere, gennemsnitsalder, danskere, undervurderer, underligt, 251, stat, danskeres","livmorhalskræft, livmorkræft, livmoderhalskræft, livmoderhalskræften, livsmoderhalskræft, livmoderhalskræftvaccinen, livmoderkræft, livmoderhalskræftscreening, livmoderhalskræftkræftens, livmoderhalskræfthvert","tankegang, økonomiske, øjenhøjde, socioøkonomiske, lommerne, følelsesforstyrrelser, tænke, opsøgende, jeg, mentale","nægter, flytter, nægte, omlægger, tilhørerne, nægtede, forfattere, ulykkelige, skuespillere, flyttede","livmoderhalskræftscreening, mammografiscreening, screeningsundersøgelse, screeningsafdeling, screeningsundersøgelser, screening, brystkræftscreening, screeningsprogram, screeningsprogrammet, screeningstilbuddet","livmoderhals, livmoderhalsen, livmoder, livsmoderhalskræft, livmoderhalskraft, livmorhalskræft, livmoderhalskræften, livmoderhalskræfthvert, livmoderhalskræftog, livmoderhalskræfti","kvindesygdom, kvindesygdomme, rygsmerter, skaden, livmoderhalskræftkoster, kræftforsker, hjertesygdom, sygdom, kræftforskere, forskningen","livmoderhals, livmoderhalsen, livmoder, halskirurgisk, livmoderhalsens, livmorhalsen, lilla, hovedhals, tandtråd, dagligdag","røre, rigshospitalet, rigshospitalets, ærø, borgerne, borgernes, eur, aarhus, frosne, mfr","livmoderhalskræftscreening, livmoderhalskræften, livmoderhalskræfttilfælde, livmoderhalskræft, livmoderhalskræftpatienter, livmoderhalskræfttilfældene, underlivskræft, livmoderhalskræftog, livmoderhalskræfthvert, livmoderhalskræftkoster","kræftvacciner, kræftvaccinen, kræftvaccine, kræftvaccinationer, kræftvaccination, vaccinationsforskningen, kræftforskere, kræftlægerne, kræftforskningen, kræftlæger","vaccinationsraten, vaccinationsprocenten, vaccinationsprocent, børnevaccinationer, pigernesresultatet, næstved, børnevacciner, børnevaccination, børnevaccine, dødstallet","bavariannordic, femårsoverlevelse, femårsoverlevelsen, ofnasdaq, nivolumab, nordicbavarian, biotekselskab, boreplatforme, 43selskabsmeddelelse, vaccinationstallene","kræftscreening, cancerregisteret, kræftplanen, kræftplan, cancerregistret, kræfthandlingsplan, kræftdødsfald, kræftforskning, kræftbehandling, kræftforskningen","uklogt, sexolog, redaktør, finde, winsløw, relaterer, redaktionschef, mundsex, endte, lektor","skræmt, skilte, skrider, skruet, skræmmekampagne, skræmme, grimt, strides, skidt, skræmmer","livmoderhalskræftvaccinen, gennemfører, bestået, prismodtagere, opfylder, beskytter, nuværende, beskyttende, bekræfter, regeringsdannelse","screeningprogrammet, forskningschef, screeningsprogrammerne, screeningsprogrammet, screeningsprogram, forebyggelseschef, screeningsundersøgelser, hpvdebattendebatten, kræftforskere, kræftforskningen"
